datetime,carbon_intensity_actual,avg_carbon_intensity_forecast
2026-05-22T00:00:00.000000000,135.5668,103.44793
2026-05-22T01:00:00.000000000,100.90909,76.57698
2026-05-22T02:00:00.000000000,60.03527,60.28227
2026-05-22T03:00:00.000000000,47.47559,48.44997
2026-05-22T04:00:00.000000000,48.80287,46.69857
2026-05-22T05:00:00.000000000,59.35355,49.17533
2026-05-22T06:00:00.000000000,50.10795,54.68856
2026-05-22T07:00:00.000000000,37.31988,59.44356
2026-05-22T08:00:00.000000000,51.90865,66.9151
2026-05-22T09:00:00.000000000,69.26941,76.82509
2026-05-22T10:00:00.000000000,66.21053,83.45123
2026-05-22T11:00:00.000000000,73.11905,83.3277
2026-05-22T12:00:00.000000000,87.15935,81.21662
2026-05-22T13:00:00.000000000,78.20538,75.55964
2026-05-22T14:00:00.000000000,49.54304,76.54227
2026-05-22T15:00:00.000000000,89.58541,80.97347
2026-05-22T16:00:00.000000000,80.66351,95.10179
2026-05-22T17:00:00.000000000,98.97666,109.45656
2026-05-22T18:00:00.000000000,120.30246,123.82826
2026-05-22T19:00:00.000000000,116.90756,133.80863
2026-05-22T20:00:00.000000000,118.23529,140.56653
2026-05-22T21:00:00.000000000,107.17613,142.35782
2026-05-22T22:00:00.000000000,85.3453,134.84713
2026-05-22T23:00:00.000000000,100.75117,121.31066
2026-05-23T00:00:00.000000000,116.41745,119.10956
2026-05-23T01:00:00.000000000,98.38951,97.10429
2026-05-23T02:00:00.000000000,62.53909,81.60894
2026-05-23T03:00:00.000000000,52.17949,67.62149
2026-05-23T04:00:00.000000000,59.10284,62.445
2026-05-23T05:00:00.000000000,61.50895,61.88077
2026-05-23T06:00:00.000000000,41.68111,64.66368
2026-05-23T07:00:00.000000000,56.17162,67.44548
2026-05-23T08:00:00.000000000,76.56335,72.31405
2026-05-23T09:00:00.000000000,84.60366,79.52171
2026-05-23T10:00:00.000000000,77.42291,84.87617
2026-05-23T11:00:00.000000000,94.61429,86.64919
2026-05-23T12:00:00.000000000,99.76888,86.87393
2026-05-23T13:00:00.000000000,90.94276,82.4874
2026-05-23T14:00:00.000000000,91.72702,81.12339
2026-05-23T15:00:00.000000000,69.81132,81.26074
2026-05-23T16:00:00.000000000,79.9812,90.44809
2026-05-23T17:00:00.000000000,124.6114,102.93912
2026-05-23T18:00:00.000000000,101.26911,116.97887
2026-05-23T19:00:00.000000000,96.26453,127.77933
2026-05-23T20:00:00.000000000,95.8466,134.96615
2026-05-23T21:00:00.000000000,95.60584,138.81999
2026-05-23T22:00:00.000000000,91.7313,135.75943
2026-05-23T23:00:00.000000000,77.55269,128.89218
2026-05-24T00:00:00.000000000,83.51828,119.70971
2026-05-24T01:00:00.000000000,81.54605,98.53585
2026-05-24T02:00:00.000000000,74.26523,83.424
2026-05-24T03:00:00.000000000,60.54054,69.73238
2026-05-24T04:00:00.000000000,57.04061,64.47496
2026-05-24T05:00:00.000000000,55.5297,63.74191
2026-05-24T06:00:00.000000000,60.84444,66.24483
2026-05-24T07:00:00.000000000,78.22148,68.62768
2026-05-24T08:00:00.000000000,69.07072,73.12734
2026-05-24T09:00:00.000000000,68.57284,79.84666
2026-05-24T10:00:00.000000000,101.53736,84.85339
2026-05-24T11:00:00.000000000,140.77689,86.59355
2026-05-24T12:00:00.000000000,133.50515,86.83943
2026-05-24T13:00:00.000000000,93.86577,82.46826
2026-05-24T14:00:00.000000000,108.64476,80.769
2026-05-24T15:00:00.000000000,88.67769,80.51646
2026-05-24T16:00:00.000000000,85.10721,89.16421
2026-05-24T17:00:00.000000000,105.71429,101.27176
2026-05-24T18:00:00.000000000,112.34323,115.04685
2026-05-24T19:00:00.000000000,114.78916,125.6489
2026-05-24T20:00:00.000000000,102.17158,132.77758
2026-05-24T21:00:00.000000000,93.867,136.84212
2026-05-24T22:00:00.000000000,84.18424,134.44284
2026-05-24T23:00:00.000000000,78.37067,128.43103
2026-05-25T00:00:00.000000000,76.9899,118.52019
2026-05-25T01:00:00.000000000,62.32865,97.30303
2026-05-25T02:00:00.000000000,55.82665,82.67309
2026-05-25T03:00:00.000000000,42.11858,69.89984
2026-05-25T04:00:00.000000000,33.80871,65.37642
2026-05-25T05:00:00.000000000,29.4974,64.81853
2026-05-25T06:00:00.000000000,52.06587,67.38971
2026-05-25T07:00:00.000000000,53.56902,69.97844
2026-05-25T08:00:00.000000000,45.6994,74.8543
2026-05-25T09:00:00.000000000,60.57384,81.66838
2026-05-25T10:00:00.000000000,72.22603,86.27261
2026-05-25T11:00:00.000000000,89.46537,87.25981
2026-05-25T12:00:00.000000000,96.73854,86.57135
2026-05-25T13:00:00.000000000,80.45168,81.98913
2026-05-25T14:00:00.000000000,65.46473,80.9669
2026-05-25T15:00:00.000000000,110.14675,81.64925
2026-05-25T16:00:00.000000000,97.11755,91.05767
2026-05-25T17:00:00.000000000,93.42809,103.20322
2026-05-25T18:00:00.000000000,109.18881,116.62949
2026-05-25T19:00:00.000000000,120.89109,126.92776
2026-05-25T20:00:00.000000000,99.19571,133.98303
2026-05-25T21:00:00.000000000,100.4222,137.75862
2026-05-25T22:00:00.000000000,81.31868,134.75935
2026-05-25T23:00:00.000000000,84.22764,127.98945
2026-05-26T00:00:00.000000000,60.79812,117.43211
2026-05-26T01:00:00.000000000,70.89343,98.59913
2026-05-26T02:00:00.000000000,67.56778,85.07877
2026-05-26T03:00:00.000000000,55.15831,72.9227
2026-05-26T04:00:00.000000000,49.42402,68.06789
2026-05-26T05:00:00.000000000,51.84261,67.15456
2026-05-26T06:00:00.000000000,56.65779,69.1226
2026-05-26T07:00:00.000000000,51.31889,70.73237
2026-05-26T08:00:00.000000000,52.92985,74.54989
2026-05-26T09:00:00.000000000,59.28038,79.98743
2026-05-26T10:00:00.000000000,68.97314,83.72903
2026-05-26T11:00:00.000000000,71.6913,84.77116
2026-05-26T12:00:00.000000000,68.31699,84.57818
2026-05-26T13:00:00.000000000,52.52119,80.43171
2026-05-26T14:00:00.000000000,44.7787,78.60213
2026-05-26T15:00:00.000000000,51.30859,78.24044
2026-05-26T16:00:00.000000000,58.42105,85.94775
2026-05-26T17:00:00.000000000,54.54345,96.92348
2026-05-26T18:00:00.000000000,58.48946,109.62595
2026-05-26T19:00:00.000000000,55.02775,119.49108
2026-05-26T20:00:00.000000000,51.06243,126.30566
2026-05-26T21:00:00.000000000,51.5708,130.46724
2026-05-26T22:00:00.000000000,49.91761,129.00746
2026-05-26T23:00:00.000000000,50.38462,124.3898
2026-05-27T00:00:00.000000000,57.7561,117.25846
2026-05-27T01:00:00.000000000,62.9708,98.89722
2026-05-27T02:00:00.000000000,58.55563,84.90538
2026-05-27T03:00:00.000000000,61.50895,71.5678
2026-05-27T04:00:00.000000000,57.73406,65.62928
2026-05-27T05:00:00.000000000,52.28261,64.4936
2026-05-27T06:00:00.000000000,61.79649,66.40082
2026-05-27T07:00:00.000000000,50.17404,67.65986
2026-05-27T08:00:00.000000000,50.78431,70.85015
2026-05-27T09:00:00.000000000,50.48598,75.86076
2026-05-27T10:00:00.000000000,63.34087,79.91367
2026-05-27T11:00:00.000000000,63.95062,81.95014
2026-05-27T12:00:00.000000000,61.52932,83.19674
2026-05-27T13:00:00.000000000,49.8638,79.4882
2026-05-27T14:00:00.000000000,44.74419,76.59386
2026-05-27T15:00:00.000000000,66.32075,74.7802
2026-05-27T16:00:00.000000000,78.23529,81.16811
2026-05-27T17:00:00.000000000,43.9539,91.91372
2026-05-27T18:00:00.000000000,36.17318,105.04105
2026-05-27T19:00:00.000000000,34.65699,115.29514
2026-05-27T20:00:00.000000000,49.72543,122.12396
2026-05-27T21:00:00.000000000,42.08044,126.63631
2026-05-27T22:00:00.000000000,59.52174,126.13346
2026-05-27T23:00:00.000000000,63.86651,122.81614
2026-05-28T00:00:00.000000000,69.49051,119.55926
2026-05-28T01:00:00.000000000,66.62731,101.06499
2026-05-28T02:00:00.000000000,58.27839,86.60628
2026-05-28T03:00:00.000000000,39.93651,72.66489
2026-05-28T04:00:00.000000000,45.43038,66.234
2026-05-28T05:00:00.000000000,39.40139,64.90694
2026-05-28T06:00:00.000000000,38.60661,66.70016
2026-05-28T07:00:00.000000000,44.66909,67.7982
2026-05-28T08:00:00.000000000,64.63695,70.82597
2026-05-28T09:00:00.000000000,68.55728,75.85195
2026-05-28T10:00:00.000000000,85.49111,80.20137
2026-05-28T11:00:00.000000000,91.62571,82.6767
2026-05-28T12:00:00.000000000,86.39929,84.34494
2026-05-28T13:00:00.000000000,63.56964,80.56547
2026-05-28T14:00:00.000000000,69.23605,77.19365
2026-05-28T15:00:00.000000000,100.15924,74.76653
2026-05-28T16:00:00.000000000,68.45,80.78898
2026-05-28T17:00:00.000000000,59.90933,91.60755
2026-05-28T18:00:00.000000000,76.21557,105.02896
2026-05-28T19:00:00.000000000,91.2259,115.46965
2026-05-28T20:00:00.000000000,88.86236,122.45516
2026-05-28T21:00:00.000000000,76.20596,127.27765
2026-05-28T22:00:00.000000000,94.801,127.30481
2026-05-28T23:00:00.000000000,75.65363,124.51787
2026-05-23T00:00:00.000000000,116.41745,103.464
2026-05-23T01:00:00.000000000,98.38951,87.02548
2026-05-23T02:00:00.000000000,62.53909,75.89291
2026-05-23T03:00:00.000000000,52.17949,65.69861
2026-05-23T04:00:00.000000000,59.10284,62.18405
2026-05-23T05:00:00.000000000,61.50895,62.21551
2026-05-23T06:00:00.000000000,41.68111,64.72192
2026-05-23T07:00:00.000000000,56.17162,66.40124
2026-05-23T08:00:00.000000000,76.56335,69.62415
2026-05-23T09:00:00.000000000,84.60366,73.44532
2026-05-23T10:00:00.000000000,77.42291,75.40377
2026-05-23T11:00:00.000000000,94.61429,75.24894
2026-05-23T12:00:00.000000000,99.76888,75.20727
2026-05-23T13:00:00.000000000,90.94276,72.69347
2026-05-23T14:00:00.000000000,91.72702,72.27073
2026-05-23T15:00:00.000000000,69.81132,73.42345
2026-05-23T16:00:00.000000000,79.9812,80.95943
2026-05-23T17:00:00.000000000,124.6114,90.95399
2026-05-23T18:00:00.000000000,101.26911,102.46602
2026-05-23T19:00:00.000000000,96.26453,111.584
2026-05-23T20:00:00.000000000,95.8466,117.3312
2026-05-23T21:00:00.000000000,95.60584,119.88932
2026-05-23T22:00:00.000000000,91.7313,116.73271
2026-05-23T23:00:00.000000000,77.55269,111.19461
2026-05-24T00:00:00.000000000,83.51828,110.83383
2026-05-24T01:00:00.000000000,81.54605,93.87487
2026-05-24T02:00:00.000000000,74.26523,81.75197
2026-05-24T03:00:00.000000000,60.54054,70.64034
2026-05-24T04:00:00.000000000,57.04061,66.17693
2026-05-24T05:00:00.000000000,55.5297,65.47844
2026-05-24T06:00:00.000000000,60.84444,67.40445
2026-05-24T07:00:00.000000000,78.22148,68.66601
2026-05-24T08:00:00.000000000,69.07072,71.90227
2026-05-24T09:00:00.000000000,68.57284,76.25471
2026-05-24T10:00:00.000000000,101.53736,79.00912
2026-05-24T11:00:00.000000000,140.77689,79.63707
2026-05-24T12:00:00.000000000,133.50515,79.68638
2026-05-24T13:00:00.000000000,93.86577,76.30458
2026-05-24T14:00:00.000000000,108.64476,74.65687
2026-05-24T15:00:00.000000000,88.67769,74.4128
2026-05-24T16:00:00.000000000,85.10721,81.34314
2026-05-24T17:00:00.000000000,105.71429,91.41414
2026-05-24T18:00:00.000000000,112.34323,103.31359
2026-05-24T19:00:00.000000000,114.78916,112.69714
2026-05-24T20:00:00.000000000,102.17158,118.97634
2026-05-24T21:00:00.000000000,93.867,122.68915
2026-05-24T22:00:00.000000000,84.18424,121.22802
2026-05-24T23:00:00.000000000,78.37067,117.13275
2026-05-25T00:00:00.000000000,76.9899,112.95177
2026-05-25T01:00:00.000000000,62.32865,94.94735
2026-05-25T02:00:00.000000000,55.82665,82.40638
2026-05-25T03:00:00.000000000,42.11858,71.32695
2026-05-25T04:00:00.000000000,33.80871,67.16757
2026-05-25T05:00:00.000000000,29.4974,66.54551
2026-05-25T06:00:00.000000000,52.06587,68.62172
2026-05-25T07:00:00.000000000,53.56902,70.26669
2026-05-25T08:00:00.000000000,45.6994,74.06969
2026-05-25T09:00:00.000000000,60.57384,79.04887
2026-05-25T10:00:00.000000000,72.22603,82.04863
2026-05-25T11:00:00.000000000,89.46537,82.40786
2026-05-25T12:00:00.000000000,96.73854,81.76726
2026-05-25T13:00:00.000000000,80.45168,77.89549
2026-05-25T14:00:00.000000000,65.46473,76.62495
2026-05-25T15:00:00.000000000,110.14675,76.95689
2026-05-25T16:00:00.000000000,97.11755,84.81193
2026-05-25T17:00:00.000000000,93.42809,95.40916
2026-05-25T18:00:00.000000000,109.18881,107.52106
2026-05-25T19:00:00.000000000,120.89109,116.97668
2026-05-25T20:00:00.000000000,99.19571,123.43156
2026-05-25T21:00:00.000000000,100.4222,127.10385
2026-05-25T22:00:00.000000000,81.31868,125.13877
2026-05-25T23:00:00.000000000,84.22764,120.18173
2026-05-26T00:00:00.000000000,60.79812,112.83546
2026-05-26T01:00:00.000000000,70.89343,96.41179
2026-05-26T02:00:00.000000000,67.56778,84.54754
2026-05-26T03:00:00.000000000,55.15831,73.84069
2026-05-26T04:00:00.000000000,49.42402,69.37221
2026-05-26T05:00:00.000000000,51.84261,68.38055
2026-05-26T06:00:00.000000000,56.65779,69.93169
2026-05-26T07:00:00.000000000,51.31889,70.87931
2026-05-26T08:00:00.000000000,52.92985,74.04497
2026-05-26T09:00:00.000000000,59.28038,78.25306
2026-05-26T10:00:00.000000000,68.97314,80.83154
2026-05-26T11:00:00.000000000,71.6913,81.31965
2026-05-26T12:00:00.000000000,68.31699,80.97283
2026-05-26T13:00:00.000000000,52.52119,77.27537
2026-05-26T14:00:00.000000000,44.7787,75.36976
2026-05-26T15:00:00.000000000,51.30859,74.8815
2026-05-26T16:00:00.000000000,58.42105,81.49822
2026-05-26T17:00:00.000000000,54.54345,91.23108
2026-05-26T18:00:00.000000000,58.48946,102.79743
2026-05-26T19:00:00.000000000,55.02775,111.93779
2026-05-26T20:00:00.000000000,51.06243,118.30224
2026-05-26T21:00:00.000000000,51.5708,122.38708
2026-05-26T22:00:00.000000000,49.91761,121.65239
2026-05-26T23:00:00.000000000,50.38462,118.29954
2026-05-27T00:00:00.000000000,57.7561,113.77894
2026-05-27T01:00:00.000000000,62.9708,97.26688
2026-05-27T02:00:00.000000000,58.55563,84.54468
2026-05-27T03:00:00.000000000,61.50895,72.3124
2026-05-27T04:00:00.000000000,57.73406,66.63754
2026-05-27T05:00:00.000000000,52.28261,65.39487
2026-05-27T06:00:00.000000000,61.79649,66.94536
2026-05-27T07:00:00.000000000,50.17404,67.67685
2026-05-27T08:00:00.000000000,50.78431,70.37925
2026-05-27T09:00:00.000000000,50.48598,74.46662
2026-05-27T10:00:00.000000000,63.34087,77.63966
2026-05-27T11:00:00.000000000,63.95062,79.24046
2026-05-27T12:00:00.000000000,61.52932,80.35611
2026-05-27T13:00:00.000000000,49.8638,76.99417
2026-05-27T14:00:00.000000000,44.74419,74.05576
2026-05-27T15:00:00.000000000,66.32075,72.16104
2026-05-27T16:00:00.000000000,78.23529,77.71782
2026-05-27T17:00:00.000000000,43.9539,87.49984
2026-05-27T18:00:00.000000000,36.17318,99.7604
2026-05-27T19:00:00.000000000,34.65699,109.47163
2026-05-27T20:00:00.000000000,49.72543,116.00494
2026-05-27T21:00:00.000000000,42.08044,120.49702
2026-05-27T22:00:00.000000000,59.52174,120.56345
2026-05-27T23:00:00.000000000,63.86651,118.2093
2026-05-28T00:00:00.000000000,69.49051,117.00254
2026-05-28T01:00:00.000000000,66.62731,99.91819
2026-05-28T02:00:00.000000000,58.27839,86.41388
2026-05-28T03:00:00.000000000,39.93651,73.29519
2026-05-28T04:00:00.000000000,45.43038,67.03336
2026-05-28T05:00:00.000000000,39.40139,65.60105
2026-05-28T06:00:00.000000000,38.60661,67.11117
2026-05-28T07:00:00.000000000,44.66909,67.79526
2026-05-28T08:00:00.000000000,64.63695,70.4468
2026-05-28T09:00:00.000000000,68.55728,74.7618
2026-05-28T10:00:00.000000000,85.49111,78.44001
2026-05-28T11:00:00.000000000,91.62571,80.57922
2026-05-28T12:00:00.000000000,86.39929,82.15034
2026-05-28T13:00:00.000000000,63.56964,78.63662
2026-05-28T14:00:00.000000000,69.23605,75.22325
2026-05-28T15:00:00.000000000,100.15924,72.72548
2026-05-28T16:00:00.000000000,68.45,78.10317
2026-05-28T17:00:00.000000000,59.90933,88.18715
2026-05-28T18:00:00.000000000,76.21557,100.9639
2026-05-28T19:00:00.000000000,91.2259,111.00809
2026-05-28T20:00:00.000000000,88.86236,117.79763
2026-05-28T21:00:00.000000000,76.20596,122.63211
2026-05-28T22:00:00.000000000,94.801,123.12099
2026-05-28T23:00:00.000000000,75.65363,121.08575
2026-05-29T00:00:00.000000000,75.5102,119.87691
2026-05-29T01:00:00.000000000,70.94495,101.88205
2026-05-29T02:00:00.000000000,60.55033,87.32224
2026-05-29T03:00:00.000000000,57.6726,73.03383
2026-05-29T04:00:00.000000000,52.51267,66.08541
2026-05-29T05:00:00.000000000,50.48829,64.53943
2026-05-29T06:00:00.000000000,61.81455,66.16772
2026-05-29T07:00:00.000000000,63.91194,66.96643
2026-05-29T08:00:00.000000000,56.85844,69.68276
2026-05-29T09:00:00.000000000,48.53659,74.36351
2026-05-29T10:00:00.000000000,52.55682,78.6873
2026-05-29T11:00:00.000000000,52.66423,81.48942
2026-05-29T12:00:00.000000000,62.81395,83.64242
2026-05-29T13:00:00.000000000,55.78541,79.94288
2026-05-29T14:00:00.000000000,52.97988,75.97056
2026-05-29T15:00:00.000000000,102.12934,72.78779
2026-05-29T16:00:00.000000000,89.67897,78.0755
2026-05-29T17:00:00.000000000,88.67769,88.64678
2026-05-29T18:00:00.000000000,100.90909,102.15541
2026-05-29T19:00:00.000000000,80.74738,112.67512
2026-05-29T20:00:00.000000000,69.69178,119.71634
2026-05-29T21:00:00.000000000,71.12875,124.84054
2026-05-29T22:00:00.000000000,76.23819,125.62329
2026-05-29T23:00:00.000000000,63.61199,123.75317
2026-05-24T00:00:00.000000000,83.51828,85.6073
2026-05-24T01:00:00.000000000,81.54605,73.01995
2026-05-24T02:00:00.000000000,74.26523,66.43053
2026-05-24T03:00:00.000000000,60.54054,61.89777
2026-05-24T04:00:00.000000000,57.04061,62.32013
2026-05-24T05:00:00.000000000,55.5297,63.91521
2026-05-24T06:00:00.000000000,60.84444,66.67136
2026-05-24T07:00:00.000000000,78.22148,68.33169
2026-05-24T08:00:00.000000000,69.07072,71.67017
2026-05-24T09:00:00.000000000,68.57284,73.53685
2026-05-24T10:00:00.000000000,101.53736,72.06277
2026-05-24T11:00:00.000000000,140.77689,68.68544
2026-05-24T12:00:00.000000000,133.50515,65.98353
2026-05-24T13:00:00.000000000,93.86577,64.03952
2026-05-24T14:00:00.000000000,108.64476,66.22007
2026-05-24T15:00:00.000000000,88.67769,70.55836
2026-05-24T16:00:00.000000000,85.10721,79.19022
2026-05-24T17:00:00.000000000,105.71429,87.43786
2026-05-24T18:00:00.000000000,112.34323,95.80177
2026-05-24T19:00:00.000000000,114.78916,102.27759
2026-05-24T20:00:00.000000000,102.17158,105.92578
2026-05-24T21:00:00.000000000,93.867,106.04652
2026-05-24T22:00:00.000000000,84.18424,100.7541
2026-05-24T23:00:00.000000000,78.37067,93.82844
2026-05-25T00:00:00.000000000,76.9899,100.72491
2026-05-25T01:00:00.000000000,62.32865,86.01147
2026-05-25T02:00:00.000000000,55.82665,76.39183
2026-05-25T03:00:00.000000000,42.11858,68.18377
2026-05-25T04:00:00.000000000,33.80871,65.59565
2026-05-25T05:00:00.000000000,29.4974,65.61662
2026-05-25T06:00:00.000000000,52.06587,67.65022
2026-05-25T07:00:00.000000000,53.56902,68.84112
2026-05-25T08:00:00.000000000,45.6994,72.01812
2026-05-25T09:00:00.000000000,60.57384,75.24669
2026-05-25T10:00:00.000000000,72.22603,76.16955
2026-05-25T11:00:00.000000000,89.46537,75.13163
2026-05-25T12:00:00.000000000,96.73854,73.91879
2026-05-25T13:00:00.000000000,80.45168,70.99291
2026-05-25T14:00:00.000000000,65.46473,70.59474
2026-05-25T15:00:00.000000000,110.14675,71.90704
2026-05-25T16:00:00.000000000,97.11755,79.10205
2026-05-25T17:00:00.000000000,93.42809,88.08494
2026-05-25T18:00:00.000000000,109.18881,98.30655
2026-05-25T19:00:00.000000000,120.89109,106.42263
2026-05-25T20:00:00.000000000,99.19571,111.70686
2026-05-25T21:00:00.000000000,100.4222,114.28425
2026-05-25T22:00:00.000000000,81.31868,111.86244
2026-05-25T23:00:00.000000000,84.22764,107.24709
2026-05-26T00:00:00.000000000,60.79812,105.55644
2026-05-26T01:00:00.000000000,70.89343,91.93477
2026-05-26T02:00:00.000000000,67.56778,82.19408
2026-05-26T03:00:00.000000000,55.15831,73.45992
2026-05-26T04:00:00.000000000,49.42402,69.75674
2026-05-26T05:00:00.000000000,51.84261,68.83675
2026-05-26T06:00:00.000000000,56.65779,69.99126
2026-05-26T07:00:00.000000000,51.31889,70.33996
2026-05-26T08:00:00.000000000,52.92985,72.95367
2026-05-26T09:00:00.000000000,59.28038,75.91942
2026-05-26T10:00:00.000000000,68.97314,77.1727
2026-05-26T11:00:00.000000000,71.6913,76.93114
2026-05-26T12:00:00.000000000,68.31699,76.25549
2026-05-26T13:00:00.000000000,52.52119,73.07586
2026-05-26T14:00:00.000000000,44.7787,71.31016
2026-05-26T15:00:00.000000000,51.30859,70.93089
2026-05-26T16:00:00.000000000,58.42105,76.43374
2026-05-26T17:00:00.000000000,54.54345,84.63236
2026-05-26T18:00:00.000000000,58.48946,94.64254
2026-05-26T19:00:00.000000000,55.02775,102.76859
2026-05-26T20:00:00.000000000,51.06243,108.42452
2026-05-26T21:00:00.000000000,51.5708,112.18357
2026-05-26T22:00:00.000000000,49.91761,111.93569
2026-05-26T23:00:00.000000000,50.38462,109.72212
2026-05-27T00:00:00.000000000,57.7561,108.71301
2026-05-27T01:00:00.000000000,62.9708,94.52003
2026-05-27T02:00:00.000000000,58.55563,83.46617
2026-05-27T03:00:00.000000000,61.50895,72.74424
2026-05-27T04:00:00.000000000,57.73406,67.51657
2026-05-27T05:00:00.000000000,52.28261,66.16735
2026-05-27T06:00:00.000000000,61.79649,67.26853
2026-05-27T07:00:00.000000000,50.17404,67.40656
2026-05-27T08:00:00.000000000,50.78431,69.62492
2026-05-27T09:00:00.000000000,50.48598,72.70643
2026-05-27T10:00:00.000000000,63.34087,74.85362
2026-05-27T11:00:00.000000000,63.95062,75.91182
2026-05-27T12:00:00.000000000,61.52932,76.77887
2026-05-27T13:00:00.000000000,49.8638,73.80427
2026-05-27T14:00:00.000000000,44.74419,70.87521
2026-05-27T15:00:00.000000000,66.32075,68.94454
2026-05-27T16:00:00.000000000,78.23529,73.48118
2026-05-27T17:00:00.000000000,43.9539,81.97223
2026-05-27T18:00:00.000000000,36.17318,92.99895
2026-05-27T19:00:00.000000000,34.65699,101.93231
2026-05-27T20:00:00.000000000,49.72543,108.0244
2026-05-27T21:00:00.000000000,42.08044,112.43687
2026-05-27T22:00:00.000000000,59.52174,113.12861
2026-05-27T23:00:00.000000000,63.86651,111.89865
2026-05-28T00:00:00.000000000,69.49051,113.31004
2026-05-28T01:00:00.000000000,66.62731,98.07921
2026-05-28T02:00:00.000000000,58.27839,85.87151
2026-05-28T03:00:00.000000000,39.93651,73.90666
2026-05-28T04:00:00.000000000,45.43038,67.92547
2026-05-28T05:00:00.000000000,39.40139,66.35423
2026-05-28T06:00:00.000000000,38.60661,67.47683
2026-05-28T07:00:00.000000000,44.66909,67.64962
2026-05-28T08:00:00.000000000,64.63695,69.88683
2026-05-28T09:00:00.000000000,68.55728,73.36779
2026-05-28T10:00:00.000000000,85.49111,76.22063
2026-05-28T11:00:00.000000000,91.62571,77.92557
2026-05-28T12:00:00.000000000,86.39929,79.31213
2026-05-28T13:00:00.000000000,63.56964,76.11061
2026-05-28T14:00:00.000000000,69.23605,72.67589
2026-05-28T15:00:00.000000000,100.15924,70.1172
2026-05-28T16:00:00.000000000,68.45,74.65302
2026-05-28T17:00:00.000000000,59.90933,83.71511
2026-05-28T18:00:00.000000000,76.21557,95.55122
2026-05-28T19:00:00.000000000,91.2259,105.0143
2026-05-28T20:00:00.000000000,88.86236,111.51309
2026-05-28T21:00:00.000000000,76.20596,116.34806
2026-05-28T22:00:00.000000000,94.801,117.41253
2026-05-28T23:00:00.000000000,75.65363,116.33238
2026-05-29T00:00:00.000000000,75.5102,117.21526
2026-05-29T01:00:00.000000000,70.94495,100.67426
2026-05-29T02:00:00.000000000,60.55033,87.10188
2026-05-29T03:00:00.000000000,57.6726,73.6731
2026-05-29T04:00:00.000000000,52.51267,66.88743
2026-05-29T05:00:00.000000000,50.48829,65.20228
2026-05-29T06:00:00.000000000,61.81455,66.51594
2026-05-29T07:00:00.000000000,63.91194,66.89009
2026-05-29T08:00:00.000000000,56.85844,69.25583
2026-05-29T09:00:00.000000000,48.53659,73.24544
2026-05-29T10:00:00.000000000,52.55682,76.90347
2026-05-29T11:00:00.000000000,52.66423,79.35584
2026-05-29T12:00:00.000000000,62.81395,81.38058
2026-05-29T13:00:00.000000000,55.78541,77.93784
2026-05-29T14:00:00.000000000,52.97988,73.93169
2026-05-29T15:00:00.000000000,102.12934,70.68311
2026-05-29T16:00:00.000000000,89.67897,75.29809
2026-05-29T17:00:00.000000000,88.67769,85.08653
2026-05-29T18:00:00.000000000,100.90909,97.90671
2026-05-29T19:00:00.000000000,80.74738,108.01042
2026-05-29T20:00:00.000000000,69.69178,114.87053
2026-05-29T21:00:00.000000000,71.12875,120.03241
2026-05-29T22:00:00.000000000,76.23819,121.30623
2026-05-29T23:00:00.000000000,63.61199,120.21179
2026-05-30T00:00:00.000000000,67.10784,117.76758
2026-05-30T01:00:00.000000000,90.8885,100.59269
2026-05-30T02:00:00.000000000,65.96571,86.79708
2026-05-30T03:00:00.000000000,69.2766,73.19507
2026-05-30T04:00:00.000000000,61.28634,66.63904
2026-05-30T05:00:00.000000000,61.55752,65.21649
2026-05-30T06:00:00.000000000,46.78742,66.9628
2026-05-30T07:00:00.000000000,40.77663,67.89217
2026-05-30T08:00:00.000000000,62.09992,70.59877
2026-05-30T09:00:00.000000000,66.67739,74.84476
2026-05-30T10:00:00.000000000,58.63077,78.52627
2026-05-30T11:00:00.000000000,50.11952,80.84879
2026-05-30T12:00:00.000000000,52.19144,82.64868
2026-05-30T13:00:00.000000000,50.34014,79.20681
2026-05-30T14:00:00.000000000,71.03651,75.5605
2026-05-30T15:00:00.000000000,90.15228,72.76904
2026-05-30T16:00:00.000000000,106.03206,77.96039
2026-05-30T17:00:00.000000000,100.20833,88.19898
2026-05-30T18:00:00.000000000,106.24498,101.25391
2026-05-30T19:00:00.000000000,91.53979,111.54706
2026-05-30T20:00:00.000000000,89.52623,118.33529
2026-05-30T21:00:00.000000000,84.38596,123.12065
2026-05-30T22:00:00.000000000,79.56391,123.5156
2026-05-30T23:00:00.000000000,79.20659,121.58973
2026-05-25T00:00:00.000000000,76.9899,93.09591
2026-05-25T01:00:00.000000000,62.32865,80.90045
2026-05-25T02:00:00.000000000,55.82665,74.23931
2026-05-25T03:00:00.000000000,42.11858,69.3018
2026-05-25T04:00:00.000000000,33.80871,69.29768
2026-05-25T05:00:00.000000000,29.4974,70.34383
2026-05-25T06:00:00.000000000,52.06587,72.37295
2026-05-25T07:00:00.000000000,53.56902,73.20001
2026-05-25T08:00:00.000000000,45.6994,75.4329
2026-05-25T09:00:00.000000000,60.57384,77.32195
2026-05-25T10:00:00.000000000,72.22603,76.9727
2026-05-25T11:00:00.000000000,89.46537,75.57735
2026-05-25T12:00:00.000000000,96.73854,75.40181
2026-05-25T13:00:00.000000000,80.45168,75.81045
2026-05-25T14:00:00.000000000,65.46473,79.29656
2026-05-25T15:00:00.000000000,110.14675,84.02493
2026-05-25T16:00:00.000000000,97.11755,92.26561
2026-05-25T17:00:00.000000000,93.42809,99.98274
2026-05-25T18:00:00.000000000,109.18881,107.51564
2026-05-25T19:00:00.000000000,120.89109,112.87436
2026-05-25T20:00:00.000000000,99.19571,115.10953
2026-05-25T21:00:00.000000000,100.4222,114.20936
2026-05-25T22:00:00.000000000,81.31868,108.47819
2026-05-25T23:00:00.000000000,84.22764,101.53452
2026-05-26T00:00:00.000000000,60.79812,100.7538
2026-05-26T01:00:00.000000000,70.89343,86.2865
2026-05-26T02:00:00.000000000,67.56778,76.91715
2026-05-26T03:00:00.000000000,55.15831,69.07855
2026-05-26T04:00:00.000000000,49.42402,66.72244
2026-05-26T05:00:00.000000000,51.84261,66.78431
2026-05-26T06:00:00.000000000,56.65779,68.74514
2026-05-26T07:00:00.000000000,51.31889,69.84082
2026-05-26T08:00:00.000000000,52.92985,72.97368
2026-05-26T09:00:00.000000000,59.28038,76.09059
2026-05-26T10:00:00.000000000,68.97314,76.84793
2026-05-26T11:00:00.000000000,71.6913,75.63604
2026-05-26T12:00:00.000000000,68.31699,74.21773
2026-05-26T13:00:00.000000000,52.52119,71.25192
2026-05-26T14:00:00.000000000,44.7787,70.97187
2026-05-26T15:00:00.000000000,51.30859,72.43395
2026-05-26T16:00:00.000000000,58.42105,79.66245
2026-05-26T17:00:00.000000000,54.54345,88.52309
2026-05-26T18:00:00.000000000,58.48946,98.52521
2026-05-26T19:00:00.000000000,55.02775,106.42927
2026-05-26T20:00:00.000000000,51.06243,111.62465
2026-05-26T21:00:00.000000000,51.5708,114.14897
2026-05-26T22:00:00.000000000,49.91761,111.76113
2026-05-26T23:00:00.000000000,50.38462,107.18969
2026-05-27T00:00:00.000000000,57.7561,108.48236
2026-05-27T01:00:00.000000000,62.9708,93.73935
2026-05-27T02:00:00.000000000,58.55563,82.46929
2026-05-27T03:00:00.000000000,61.50895,71.58224
2026-05-27T04:00:00.000000000,57.73406,66.48374
2026-05-27T05:00:00.000000000,52.28261,65.33286
2026-05-27T06:00:00.000000000,61.79649,66.67346
2026-05-27T07:00:00.000000000,50.17404,67.06234
2026-05-27T08:00:00.000000000,50.78431,69.42223
2026-05-27T09:00:00.000000000,50.48598,72.70119
2026-05-27T10:00:00.000000000,63.34087,74.96228
2026-05-27T11:00:00.000000000,63.95062,75.99492
2026-05-27T12:00:00.000000000,61.52932,76.86418
2026-05-27T13:00:00.000000000,49.8638,73.93111
2026-05-27T14:00:00.000000000,44.74419,71.25885
2026-05-27T15:00:00.000000000,66.32075,69.64457
2026-05-27T16:00:00.000000000,78.23529,74.63164
2026-05-27T17:00:00.000000000,43.9539,83.46622
2026-05-27T18:00:00.000000000,36.17318,94.72362
2026-05-27T19:00:00.000000000,34.65699,103.7919
2026-05-27T20:00:00.000000000,49.72543,109.86441
2026-05-27T21:00:00.000000000,42.08044,114.04806
2026-05-27T22:00:00.000000000,59.52174,114.20307
2026-05-27T23:00:00.000000000,63.86651,112.3425
2026-05-28T00:00:00.000000000,69.49051,113.85583
2026-05-28T01:00:00.000000000,66.62731,98.24035
2026-05-28T02:00:00.000000000,58.27839,85.78874
2026-05-28T03:00:00.000000000,39.93651,73.60551
2026-05-28T04:00:00.000000000,45.43038,67.59684
2026-05-28T05:00:00.000000000,39.40139,66.08279
2026-05-28T06:00:00.000000000,38.60661,67.30944
2026-05-28T07:00:00.000000000,44.66909,67.60418
2026-05-28T08:00:00.000000000,64.63695,69.92387
2026-05-28T09:00:00.000000000,68.55728,73.56488
2026-05-28T10:00:00.000000000,85.49111,76.56745
2026-05-28T11:00:00.000000000,91.62571,78.34292
2026-05-28T12:00:00.000000000,86.39929,79.77028
2026-05-28T13:00:00.000000000,63.56964,76.53207
2026-05-28T14:00:00.000000000,69.23605,73.13888
2026-05-28T15:00:00.000000000,100.15924,70.63614
2026-05-28T16:00:00.000000000,68.45,75.37549
2026-05-28T17:00:00.000000000,59.90933,84.65922
2026-05-28T18:00:00.000000000,76.21557,96.6882
2026-05-28T19:00:00.000000000,91.2259,106.26976
2026-05-28T20:00:00.000000000,88.86236,112.80927
2026-05-28T21:00:00.000000000,76.20596,117.60419
2026-05-28T22:00:00.000000000,94.801,118.4882
2026-05-28T23:00:00.000000000,75.65363,117.15477
2026-05-29T00:00:00.000000000,75.5102,117.72972
2026-05-29T01:00:00.000000000,70.94495,100.89546
2026-05-29T02:00:00.000000000,60.55033,87.12604
2026-05-29T03:00:00.000000000,57.6726,73.5238
2026-05-29T04:00:00.000000000,52.51267,66.70769
2026-05-29T05:00:00.000000000,50.48829,65.05537
2026-05-29T06:00:00.000000000,61.81455,66.43714
2026-05-29T07:00:00.000000000,63.91194,66.89831
2026-05-29T08:00:00.000000000,56.85844,69.33072
2026-05-29T09:00:00.000000000,48.53659,73.45355
2026-05-29T10:00:00.000000000,52.55682,77.24035
2026-05-29T11:00:00.000000000,52.66423,79.76035
2026-05-29T12:00:00.000000000,62.81395,81.81431
2026-05-29T13:00:00.000000000,55.78541,78.32592
2026-05-29T14:00:00.000000000,52.97988,74.33068
2026-05-29T15:00:00.000000000,102.12934,71.10039
2026-05-29T16:00:00.000000000,89.67897,75.85489
2026-05-29T17:00:00.000000000,88.67769,85.80503
2026-05-29T18:00:00.000000000,100.90909,98.76766
2026-05-29T19:00:00.000000000,80.74738,108.95757
2026-05-29T20:00:00.000000000,69.69178,115.85221
2026-05-29T21:00:00.000000000,71.12875,121.00068
2026-05-29T22:00:00.000000000,76.23819,122.16707
2026-05-29T23:00:00.000000000,63.61199,120.909
2026-05-30T00:00:00.000000000,67.10784,118.23834
2026-05-30T01:00:00.000000000,90.8885,100.87217
2026-05-30T02:00:00.000000000,65.96571,86.923
2026-05-30T03:00:00.000000000,69.2766,73.16011
2026-05-30T04:00:00.000000000,61.28634,66.55541
2026-05-30T05:00:00.000000000,61.55752,65.15266
2026-05-30T06:00:00.000000000,46.78742,66.96551
2026-05-30T07:00:00.000000000,40.77663,67.97702
2026-05-30T08:00:00.000000000,62.09992,70.7315
2026-05-30T09:00:00.000000000,66.67739,75.0551
2026-05-30T10:00:00.000000000,58.63077,78.8204
2026-05-30T11:00:00.000000000,50.11952,81.20638
2026-05-30T12:00:00.000000000,52.19144,83.0483
2026-05-30T13:00:00.000000000,50.34014,79.5895
2026-05-30T14:00:00.000000000,71.03651,75.93359
2026-05-30T15:00:00.000000000,90.15228,73.12797
2026-05-30T16:00:00.000000000,106.03206,78.38786
2026-05-30T17:00:00.000000000,100.20833,88.7441
2026-05-30T18:00:00.000000000,106.24498,101.91455
2026-05-30T19:00:00.000000000,91.53979,112.28553
2026-05-30T20:00:00.000000000,89.52623,119.09429
2026-05-30T21:00:00.000000000,84.38596,123.8628
2026-05-30T22:00:00.000000000,79.56391,124.17255
2026-05-30T23:00:00.000000000,79.20659,122.15166
2026-05-31T00:00:00.000000000,70.92493,123.3885
2026-05-31T01:00:00.000000000,65.80846,105.43768
2026-05-31T02:00:00.000000000,58.68966,90.32579
2026-05-31T03:00:00.000000000,47.51366,74.68467
2026-05-31T04:00:00.000000000,49.7568,67.17577
2026-05-31T05:00:00.000000000,50.58909,65.92528
2026-05-31T06:00:00.000000000,52.18305,68.65961
2026-05-31T07:00:00.000000000,51.71747,70.61488
2026-05-31T08:00:00.000000000,55.30349,73.48146
2026-05-31T09:00:00.000000000,57.00823,77.61757
2026-05-31T10:00:00.000000000,54.27023,81.55131
2026-05-31T11:00:00.000000000,39.6946,84.67883
2026-05-31T12:00:00.000000000,60.97854,87.44047
2026-05-31T13:00:00.000000000,52.51613,84.39854
2026-05-31T14:00:00.000000000,91.91332,80.2667
2026-05-31T15:00:00.000000000,148.592,76.69471
2026-05-31T16:00:00.000000000,109.13043,81.59196
2026-05-31T17:00:00.000000000,117.23701,92.75619
2026-05-31T18:00:00.000000000,138.26607,107.02486
2026-05-31T19:00:00.000000000,144.65732,118.27134
2026-05-31T20:00:00.000000000,125.8961,125.00594
2026-05-31T21:00:00.000000000,129.08985,129.36313
2026-05-31T22:00:00.000000000,135.77253,128.85284
2026-05-31T23:00:00.000000000,155.22791,126.78241
2026-05-26T00:00:00.000000000,60.79812,81.07207
2026-05-26T01:00:00.000000000,70.89343,67.61553
2026-05-26T02:00:00.000000000,67.56778,60.55076
2026-05-26T03:00:00.000000000,55.15831,56.01692
2026-05-26T04:00:00.000000000,49.42402,56.95553
2026-05-26T05:00:00.000000000,51.84261,59.66639
2026-05-26T06:00:00.000000000,56.65779,63.31402
2026-05-26T07:00:00.000000000,51.31889,65.06068
2026-05-26T08:00:00.000000000,52.92985,68.50671
2026-05-26T09:00:00.000000000,59.28038,70.58119
2026-05-26T10:00:00.000000000,68.97314,69.25499
2026-05-26T11:00:00.000000000,71.6913,65.87581
2026-05-26T12:00:00.000000000,68.31699,63.4377
2026-05-26T13:00:00.000000000,52.52119,61.33191
2026-05-26T14:00:00.000000000,44.7787,63.25709
2026-05-26T15:00:00.000000000,51.30859,67.34054
2026-05-26T16:00:00.000000000,58.42105,76.18571
2026-05-26T17:00:00.000000000,54.54345,84.60797
2026-05-26T18:00:00.000000000,58.48946,93.28459
2026-05-26T19:00:00.000000000,55.02775,99.59741
2026-05-26T20:00:00.000000000,51.06243,102.86659
2026-05-26T21:00:00.000000000,51.5708,102.68316
2026-05-26T22:00:00.000000000,49.91761,97.07126
2026-05-26T23:00:00.000000000,50.38462,89.57019
2026-05-27T00:00:00.000000000,57.7561,96.46928
2026-05-27T01:00:00.000000000,62.9708,83.50733
2026-05-27T02:00:00.000000000,58.55563,74.05582
2026-05-27T03:00:00.000000000,61.50895,65.28878
2026-05-27T04:00:00.000000000,57.73406,61.73348
2026-05-27T05:00:00.000000000,52.28261,61.71763
2026-05-27T06:00:00.000000000,61.79649,63.54034
2026-05-27T07:00:00.000000000,50.17404,63.82244
2026-05-27T08:00:00.000000000,50.78431,66.04137
2026-05-27T09:00:00.000000000,50.48598,68.39218
2026-05-27T10:00:00.000000000,63.34087,69.27245
2026-05-27T11:00:00.000000000,63.95062,69.25957
2026-05-27T12:00:00.000000000,61.52932,69.68613
2026-05-27T13:00:00.000000000,49.8638,67.1835
2026-05-27T14:00:00.000000000,44.74419,65.06337
2026-05-27T15:00:00.000000000,66.32075,64.11085
2026-05-27T16:00:00.000000000,78.23529,68.86585
2026-05-27T17:00:00.000000000,43.9539,76.65677
2026-05-27T18:00:00.000000000,36.17318,86.63748
2026-05-27T19:00:00.000000000,34.65699,94.58512
2026-05-27T20:00:00.000000000,49.72543,99.53206
2026-05-27T21:00:00.000000000,42.08044,102.67902
2026-05-27T22:00:00.000000000,59.52174,102.19176
2026-05-27T23:00:00.000000000,63.86651,100.1141
2026-05-28T00:00:00.000000000,69.49051,107.59075
2026-05-28T01:00:00.000000000,66.62731,94.5351
2026-05-28T02:00:00.000000000,58.27839,83.94944
2026-05-28T03:00:00.000000000,39.93651,73.43051
2026-05-28T04:00:00.000000000,45.43038,67.92785
2026-05-28T05:00:00.000000000,39.40139,66.31262
2026-05-28T06:00:00.000000000,38.60661,67.05987
2026-05-28T07:00:00.000000000,44.66909,66.7401
2026-05-28T08:00:00.000000000,64.63695,68.57502
2026-05-28T09:00:00.000000000,68.55728,71.18688
2026-05-28T10:00:00.000000000,85.49111,73.13209
2026-05-28T11:00:00.000000000,91.62571,74.36362
2026-05-28T12:00:00.000000000,86.39929,75.57331
2026-05-28T13:00:00.000000000,63.56964,72.80368
2026-05-28T14:00:00.000000000,69.23605,69.4498
2026-05-28T15:00:00.000000000,100.15924,66.91562
2026-05-28T16:00:00.000000000,68.45,70.49711
2026-05-28T17:00:00.000000000,59.90933,78.30548
2026-05-28T18:00:00.000000000,76.21557,88.91895
2026-05-28T19:00:00.000000000,91.2259,97.61707
2026-05-28T20:00:00.000000000,88.86236,103.63173
2026-05-28T21:00:00.000000000,76.20596,108.29566
2026-05-28T22:00:00.000000000,94.801,109.79626
2026-05-28T23:00:00.000000000,75.65363,109.6452
2026-05-29T00:00:00.000000000,75.5102,113.17295
2026-05-29T01:00:00.000000000,70.94495,98.52316
2026-05-29T02:00:00.000000000,60.55033,86.37704
2026-05-29T03:00:00.000000000,57.6726,74.28364
2026-05-29T04:00:00.000000000,52.51267,67.89118
2026-05-29T05:00:00.000000000,50.48829,66.04717
2026-05-29T06:00:00.000000000,61.81455,66.92882
2026-05-29T07:00:00.000000000,63.91194,66.80906
2026-05-29T08:00:00.000000000,56.85844,68.84132
2026-05-29T09:00:00.000000000,48.53659,72.08273
2026-05-29T10:00:00.000000000,52.55682,74.92023
2026-05-29T11:00:00.000000000,52.66423,76.87316
2026-05-29T12:00:00.000000000,62.81395,78.58573
2026-05-29T13:00:00.000000000,55.78541,75.46025
2026-05-29T14:00:00.000000000,52.97988,71.57794
2026-05-29T15:00:00.000000000,102.12934,68.43125
2026-05-29T16:00:00.000000000,89.67897,72.27412
2026-05-29T17:00:00.000000000,88.67769,80.9647
2026-05-29T18:00:00.000000000,100.90909,92.69485
2026-05-29T19:00:00.000000000,80.74738,102.12104
2026-05-29T20:00:00.000000000,69.69178,108.65196
2026-05-29T21:00:00.000000000,71.12875,113.77036
2026-05-29T22:00:00.000000000,76.23819,115.52296
2026-05-29T23:00:00.000000000,63.61199,115.27504
2026-05-30T00:00:00.000000000,67.10784,114.39212
2026-05-30T01:00:00.000000000,90.8885,98.43994
2026-05-30T02:00:00.000000000,65.96571,85.69371
2026-05-30T03:00:00.000000000,69.2766,73.23226
2026-05-30T04:00:00.000000000,61.28634,67.07851
2026-05-30T05:00:00.000000000,61.55752,65.54869
2026-05-30T06:00:00.000000000,46.78742,66.84932
2026-05-30T07:00:00.000000000,40.77663,67.25107
2026-05-30T08:00:00.000000000,62.09992,69.68743
2026-05-30T09:00:00.000000000,66.67739,73.49145
2026-05-30T10:00:00.000000000,58.63077,76.65237
2026-05-30T11:00:00.000000000,50.11952,78.53531
2026-05-30T12:00:00.000000000,52.19144,80.00092
2026-05-30T13:00:00.000000000,50.34014,76.65101
2026-05-30T14:00:00.000000000,71.03651,73.13774
2026-05-30T15:00:00.000000000,90.15228,70.52153
2026-05-30T16:00:00.000000000,106.03206,75.33391
2026-05-30T17:00:00.000000000,100.20833,84.7891
2026-05-30T18:00:00.000000000,106.24498,97.02668
2026-05-30T19:00:00.000000000,91.53979,106.75858
2026-05-30T20:00:00.000000000,89.52623,113.37807
2026-05-30T21:00:00.000000000,84.38596,118.23988
2026-05-30T22:00:00.000000000,79.56391,119.13091
2026-05-30T23:00:00.000000000,79.20659,117.74195
2026-05-31T00:00:00.000000000,70.92493,120.52319
2026-05-31T01:00:00.000000000,65.80846,103.54172
2026-05-31T02:00:00.000000000,58.68966,89.28815
2026-05-31T03:00:00.000000000,47.51366,74.61062
2026-05-31T04:00:00.000000000,49.7568,67.42341
2026-05-31T05:00:00.000000000,50.58909,66.06862
2026-05-31T06:00:00.000000000,52.18305,68.40892
2026-05-31T07:00:00.000000000,51.71747,69.88933
2026-05-31T08:00:00.000000000,55.30349,72.51219
2026-05-31T09:00:00.000000000,57.00823,76.27362
2026-05-31T10:00:00.000000000,54.27023,79.74932
2026-05-31T11:00:00.000000000,39.6946,82.46165
2026-05-31T12:00:00.000000000,60.97854,84.9136
2026-05-31T13:00:00.000000000,52.51613,81.90993
2026-05-31T14:00:00.000000000,91.91332,77.86829
2026-05-31T15:00:00.000000000,148.592,74.45592
2026-05-31T16:00:00.000000000,109.13043,79.06594
2026-05-31T17:00:00.000000000,117.23701,89.59199
2026-05-31T18:00:00.000000000,138.26607,103.21338
2026-05-31T19:00:00.000000000,144.65732,114.02381
2026-05-31T20:00:00.000000000,125.8961,120.70567
2026-05-31T21:00:00.000000000,129.08985,125.19773
2026-05-31T22:00:00.000000000,135.77253,125.18141
2026-05-31T23:00:00.000000000,155.22791,123.55688
2026-06-01T00:00:00.000000000,156.36223,118.6498
2026-06-01T01:00:00.000000000,136.0582,100.72508
2026-06-01T02:00:00.000000000,119.65553,86.98853
2026-06-01T03:00:00.000000000,126.38698,73.94598
2026-06-01T04:00:00.000000000,124.60065,68.11671
2026-06-01T05:00:00.000000000,130.07812,66.90744
2026-06-01T06:00:00.000000000,143.09184,68.94727
2026-06-01T07:00:00.000000000,148.46761,70.50074
2026-06-01T08:00:00.000000000,171.85279,73.92967
2026-06-01T09:00:00.000000000,172.52357,78.67684
2026-06-01T10:00:00.000000000,161.75606,82.17785
2026-06-01T11:00:00.000000000,195.16794,83.78672
2026-06-01T12:00:00.000000000,182.31105,84.40193
2026-06-01T13:00:00.000000000,171.57816,80.52446
2026-06-01T14:00:00.000000000,149.38846,77.61363
2026-06-01T15:00:00.000000000,181.10899,75.88818
2026-06-01T16:00:00.000000000,213.94292,82.22156
2026-06-01T17:00:00.000000000,221.38716,92.89141
2026-06-01T18:00:00.000000000,220.32854,105.86117
2026-06-01T19:00:00.000000000,186.42464,116.09889
2026-06-01T20:00:00.000000000,173.6246,122.89544
2026-06-01T21:00:00.000000000,186.3094,127.35759
2026-06-01T22:00:00.000000000,164.18568,126.74681
2026-06-01T23:00:00.000000000,157.73544,123.64633
2026-05-27T00:00:00.000000000,57.7561,57.46128
2026-05-27T01:00:00.000000000,62.9708,54.29509
2026-05-27T02:00:00.000000000,58.55563,53.0048
2026-05-27T03:00:00.000000000,61.50895,52.70147
2026-05-27T04:00:00.000000000,57.73406,54.51058
2026-05-27T05:00:00.000000000,52.28261,56.52065
2026-05-27T06:00:00.000000000,61.79649,57.41118
2026-05-27T07:00:00.000000000,50.17404,56.40741
2026-05-27T08:00:00.000000000,50.78431,57.87444
2026-05-27T09:00:00.000000000,50.48598,58.14632
2026-05-27T10:00:00.000000000,63.34087,56.20395
2026-05-27T11:00:00.000000000,63.95062,54.94849
2026-05-27T12:00:00.000000000,61.52932,54.92256
2026-05-27T13:00:00.000000000,49.8638,54.56709
2026-05-27T14:00:00.000000000,44.74419,54.02787
2026-05-27T15:00:00.000000000,66.32075,54.01987
2026-05-27T16:00:00.000000000,78.23529,55.08146
2026-05-27T17:00:00.000000000,43.9539,56.10237
2026-05-27T18:00:00.000000000,36.17318,58.21494
2026-05-27T19:00:00.000000000,34.65699,60.26278
2026-05-27T20:00:00.000000000,49.72543,60.44004
2026-05-27T21:00:00.000000000,42.08044,60.38738
2026-05-27T22:00:00.000000000,59.52174,58.99398
2026-05-27T23:00:00.000000000,63.86651,59.0272
2026-05-28T00:00:00.000000000,69.49051,67.80955
2026-05-28T01:00:00.000000000,66.62731,62.14476
2026-05-28T02:00:00.000000000,58.27839,58.78705
2026-05-28T03:00:00.000000000,39.93651,56.61118
2026-05-28T04:00:00.000000000,45.43038,57.21267
2026-05-28T05:00:00.000000000,39.40139,58.92297
2026-05-28T06:00:00.000000000,38.60661,60.3792
2026-05-28T07:00:00.000000000,44.66909,59.89064
2026-05-28T08:00:00.000000000,64.63695,61.86148
2026-05-28T09:00:00.000000000,68.55728,62.49204
2026-05-28T10:00:00.000000000,85.49111,60.7721
2026-05-28T11:00:00.000000000,91.62571,59.21902
2026-05-28T12:00:00.000000000,86.39929,58.58446
2026-05-28T13:00:00.000000000,63.56964,57.23548
2026-05-28T14:00:00.000000000,69.23605,56.17401
2026-05-28T15:00:00.000000000,100.15924,55.90144
2026-05-28T16:00:00.000000000,68.45,57.98073
2026-05-28T17:00:00.000000000,59.90933,60.77028
2026-05-28T18:00:00.000000000,76.21557,64.95197
2026-05-28T19:00:00.000000000,91.2259,68.54864
2026-05-28T20:00:00.000000000,88.86236,70.0478
2026-05-28T21:00:00.000000000,76.20596,70.95336
2026-05-28T22:00:00.000000000,94.801,70.02029
2026-05-28T23:00:00.000000000,75.65363,69.59204
2026-05-29T00:00:00.000000000,75.5102,79.63542
2026-05-29T01:00:00.000000000,70.94495,72.07726
2026-05-29T02:00:00.000000000,60.55033,66.90957
2026-05-29T03:00:00.000000000,57.6726,62.77385
2026-05-29T04:00:00.000000000,52.51267,61.64779
2026-05-29T05:00:00.000000000,50.48829,62.19866
2026-05-29T06:00:00.000000000,61.81455,63.40329
2026-05-29T07:00:00.000000000,63.91194,63.14328
2026-05-29T08:00:00.000000000,56.85844,65.41664
2026-05-29T09:00:00.000000000,48.53659,66.55132
2026-05-29T10:00:00.000000000,52.55682,65.44131
2026-05-29T11:00:00.000000000,52.66423,64.11117
2026-05-29T12:00:00.000000000,62.81395,63.12683
2026-05-29T13:00:00.000000000,55.78541,60.86922
2026-05-29T14:00:00.000000000,52.97988,59.021
2026-05-29T15:00:00.000000000,102.12934,58.19044
2026-05-29T16:00:00.000000000,89.67897,60.72843
2026-05-29T17:00:00.000000000,88.67769,64.91168
2026-05-29T18:00:00.000000000,100.90909,70.85045
2026-05-29T19:00:00.000000000,80.74738,76.02556
2026-05-29T20:00:00.000000000,69.69178,79.03762
2026-05-29T21:00:00.000000000,71.12875,81.27314
2026-05-29T22:00:00.000000000,76.23819,81.38616
2026-05-29T23:00:00.000000000,63.61199,81.27129
2026-05-30T00:00:00.000000000,67.10784,92.32738
2026-05-30T01:00:00.000000000,90.8885,83.46136
2026-05-30T02:00:00.000000000,65.96571,76.7207
2026-05-30T03:00:00.000000000,69.2766,70.38009
2026-05-30T04:00:00.000000000,61.28634,67.1581
2026-05-30T05:00:00.000000000,61.55752,66.04548
2026-05-30T06:00:00.000000000,46.78742,66.36174
2026-05-30T07:00:00.000000000,40.77663,65.72992
2026-05-30T08:00:00.000000000,62.09992,67.64453
2026-05-30T09:00:00.000000000,66.67739,69.17632
2026-05-30T10:00:00.000000000,58.63077,69.1559
2026-05-30T11:00:00.000000000,50.11952,68.79285
2026-05-30T12:00:00.000000000,52.19144,68.41519
2026-05-30T13:00:00.000000000,50.34014,65.95259
2026-05-30T14:00:00.000000000,71.03651,63.38131
2026-05-30T15:00:00.000000000,90.15228,61.79999
2026-05-30T16:00:00.000000000,106.03206,64.25895
2026-05-30T17:00:00.000000000,100.20833,69.40919
2026-05-30T18:00:00.000000000,106.24498,76.78606
2026-05-30T19:00:00.000000000,91.53979,83.33863
2026-05-30T20:00:00.000000000,89.52623,87.83841
2026-05-30T21:00:00.000000000,84.38596,91.51918
2026-05-30T22:00:00.000000000,79.56391,92.89401
2026-05-30T23:00:00.000000000,79.20659,93.59356
2026-05-31T00:00:00.000000000,70.92493,104.33728
2026-05-31T01:00:00.000000000,65.80846,92.45775
2026-05-31T02:00:00.000000000,58.68966,82.83266
2026-05-31T03:00:00.000000000,47.51366,73.30444
2026-05-31T04:00:00.000000000,49.7568,68.19617
2026-05-31T05:00:00.000000000,50.58909,66.54004
2026-05-31T06:00:00.000000000,52.18305,67.04628
2026-05-31T07:00:00.000000000,51.71747,66.51815
2026-05-31T08:00:00.000000000,55.30349,68.30267
2026-05-31T09:00:00.000000000,57.00823,70.59135
2026-05-31T10:00:00.000000000,54.27023,72.06059
2026-05-31T11:00:00.000000000,39.6946,72.95603
2026-05-31T12:00:00.000000000,60.97854,73.82844
2026-05-31T13:00:00.000000000,52.51613,71.15627
2026-05-31T14:00:00.000000000,91.91332,67.90219
2026-05-31T15:00:00.000000000,148.592,65.47659
2026-05-31T16:00:00.000000000,109.13043,68.61018
2026-05-31T17:00:00.000000000,117.23701,75.66324
2026-05-31T18:00:00.000000000,138.26607,85.45117
2026-05-31T19:00:00.000000000,144.65732,93.62219
2026-05-31T20:00:00.000000000,125.8961,99.33363
2026-05-31T21:00:00.000000000,129.08985,103.90306
2026-05-31T22:00:00.000000000,135.77253,105.62253
2026-05-31T23:00:00.000000000,155.22791,105.93609
2026-06-01T00:00:00.000000000,156.36223,107.34285
2026-06-01T01:00:00.000000000,136.0582,93.90921
2026-06-01T02:00:00.000000000,119.65553,83.65109
2026-06-01T03:00:00.000000000,126.38698,74.10872
2026-06-01T04:00:00.000000000,124.60065,69.44662
2026-06-01T05:00:00.000000000,130.07812,68.02261
2026-06-01T06:00:00.000000000,143.09184,68.91657
2026-06-01T07:00:00.000000000,148.46761,69.02976
2026-06-01T08:00:00.000000000,171.85279,71.5606
2026-06-01T09:00:00.000000000,172.52357,74.56226
2026-06-01T10:00:00.000000000,161.75606,76.17432
2026-06-01T11:00:00.000000000,195.16794,76.53732
2026-06-01T12:00:00.000000000,182.31105,76.35237
2026-06-01T13:00:00.000000000,171.57816,72.9621
2026-06-01T14:00:00.000000000,149.38846,70.17421
2026-06-01T15:00:00.000000000,181.10899,68.57196
2026-06-01T16:00:00.000000000,213.94292,73.09117
2026-06-01T17:00:00.000000000,221.38716,81.047
2026-06-01T18:00:00.000000000,220.32854,91.31539
2026-06-01T19:00:00.000000000,186.42464,99.76568
2026-06-01T20:00:00.000000000,173.6246,105.74774
2026-06-01T21:00:00.000000000,186.3094,110.23146
2026-06-01T22:00:00.000000000,164.18568,111.17706
2026-06-01T23:00:00.000000000,157.73544,110.22561
2026-06-02T00:00:00.000000000,132.04758,111.27671
2026-06-02T01:00:00.000000000,125.14399,96.22239
2026-06-02T02:00:00.000000000,110.13489,84.92149
2026-06-02T03:00:00.000000000,108.97823,74.46042
2026-06-02T04:00:00.000000000,98.28374,69.64925
2026-06-02T05:00:00.000000000,106.65676,68.35702
2026-06-02T06:00:00.000000000,111.0766,69.54024
2026-06-02T07:00:00.000000000,141.61351,69.98995
2026-06-02T08:00:00.000000000,148.98997,72.71684
2026-06-02T09:00:00.000000000,149.20981,76.31096
2026-06-02T10:00:00.000000000,150.30432,78.54729
2026-06-02T11:00:00.000000000,160.21807,79.18042
2026-06-02T12:00:00.000000000,156.03834,79.15828
2026-06-02T13:00:00.000000000,147.36555,75.63877
2026-06-02T14:00:00.000000000,147.11225,73.11673
2026-06-02T15:00:00.000000000,170.55315,71.83696
2026-06-02T16:00:00.000000000,170.79957,77.29168
2026-06-02T17:00:00.000000000,223.10174,86.22756
2026-06-02T18:00:00.000000000,198.81828,97.33956
2026-06-02T19:00:00.000000000,178.44253,106.26858
2026-06-02T20:00:00.000000000,157.33645,112.53717
2026-06-02T21:00:00.000000000,157.29776,116.95241
2026-06-02T22:00:00.000000000,144.82172,117.23944
2026-06-02T23:00:00.000000000,141.81556,115.25892
2026-05-28T00:00:00.000000000,69.49051,62.67399
2026-05-28T01:00:00.000000000,66.62731,59.86332
2026-05-28T02:00:00.000000000,58.27839,58.35606
2026-05-28T03:00:00.000000000,39.93651,57.67652
2026-05-28T04:00:00.000000000,45.43038,58.69585
2026-05-28T05:00:00.000000000,39.40139,59.84397
2026-05-28T06:00:00.000000000,38.60661,59.99312
2026-05-28T07:00:00.000000000,44.66909,58.43793
2026-05-28T08:00:00.000000000,64.63695,59.69205
2026-05-28T09:00:00.000000000,68.55728,60.15859
2026-05-28T10:00:00.000000000,85.49111,58.76166
2026-05-28T11:00:00.000000000,91.62571,58.08015
2026-05-28T12:00:00.000000000,86.39929,58.29436
2026-05-28T13:00:00.000000000,63.56964,57.78384
2026-05-28T14:00:00.000000000,69.23605,56.75172
2026-05-28T15:00:00.000000000,100.15924,55.98009
2026-05-28T16:00:00.000000000,68.45,56.17009
2026-05-28T17:00:00.000000000,59.90933,56.73354
2026-05-28T18:00:00.000000000,76.21557,58.62285
2026-05-28T19:00:00.000000000,91.2259,60.63876
2026-05-28T20:00:00.000000000,88.86236,61.28099
2026-05-28T21:00:00.000000000,76.20596,62.12634
2026-05-28T22:00:00.000000000,94.801,62.14786
2026-05-28T23:00:00.000000000,75.65363,63.4394
2026-05-29T00:00:00.000000000,75.5102,72.4319
2026-05-29T01:00:00.000000000,70.94495,66.36668
2026-05-29T02:00:00.000000000,60.55033,62.47622
2026-05-29T03:00:00.000000000,57.6726,59.58712
2026-05-29T04:00:00.000000000,52.51267,59.3684
2026-05-29T05:00:00.000000000,50.48829,60.40554
2026-05-29T06:00:00.000000000,61.81455,61.54841
2026-05-29T07:00:00.000000000,63.91194,61.02463
2026-05-29T08:00:00.000000000,56.85844,63.03973
2026-05-29T09:00:00.000000000,48.53659,63.8397
2026-05-29T10:00:00.000000000,52.55682,62.39843
2026-05-29T11:00:00.000000000,52.66423,61.04981
2026-05-29T12:00:00.000000000,62.81395,60.37871
2026-05-29T13:00:00.000000000,55.78541,58.77412
2026-05-29T14:00:00.000000000,52.97988,57.34406
2026-05-29T15:00:00.000000000,102.12934,56.72685
2026-05-29T16:00:00.000000000,89.67897,58.69501
2026-05-29T17:00:00.000000000,88.67769,61.79125
2026-05-29T18:00:00.000000000,100.90909,66.4747
2026-05-29T19:00:00.000000000,80.74738,70.639
2026-05-29T20:00:00.000000000,69.69178,72.75639
2026-05-29T21:00:00.000000000,71.12875,74.29412
2026-05-29T22:00:00.000000000,76.23819,74.00471
2026-05-29T23:00:00.000000000,63.61199,73.98933
2026-05-30T00:00:00.000000000,67.10784,84.98719
2026-05-30T01:00:00.000000000,90.8885,77.27997
2026-05-30T02:00:00.000000000,65.96571,71.78034
2026-05-30T03:00:00.000000000,69.2766,67.00975
2026-05-30T04:00:00.000000000,61.28634,65.02974
2026-05-30T05:00:00.000000000,61.55752,64.65236
2026-05-30T06:00:00.000000000,46.78742,65.24935
2026-05-30T07:00:00.000000000,40.77663,64.7966
2026-05-30T08:00:00.000000000,62.09992,66.93033
2026-05-30T09:00:00.000000000,66.67739,68.19065
2026-05-30T10:00:00.000000000,58.63077,67.43756
2026-05-30T11:00:00.000000000,50.11952,66.42046
2026-05-30T12:00:00.000000000,52.19144,65.45483
2026-05-30T13:00:00.000000000,50.34014,63.03442
2026-05-30T14:00:00.000000000,71.03651,60.85635
2026-05-30T15:00:00.000000000,90.15228,59.74288
2026-05-30T16:00:00.000000000,106.03206,62.09626
2026-05-30T17:00:00.000000000,100.20833,66.47529
2026-05-30T18:00:00.000000000,106.24498,72.76275
2026-05-30T19:00:00.000000000,91.53979,78.44834
2026-05-30T20:00:00.000000000,89.52623,82.11725
2026-05-30T21:00:00.000000000,84.38596,85.04851
2026-05-30T22:00:00.000000000,79.56391,85.86314
2026-05-30T23:00:00.000000000,79.20659,86.34412
2026-05-31T00:00:00.000000000,70.92493,99.32619
2026-05-31T01:00:00.000000000,65.80846,88.82081
2026-05-31T02:00:00.000000000,58.68966,80.4862
2026-05-31T03:00:00.000000000,47.51366,72.34637
2026-05-31T04:00:00.000000000,49.7568,68.01333
2026-05-31T05:00:00.000000000,50.58909,66.53848
2026-05-31T06:00:00.000000000,52.18305,66.91012
2026-05-31T07:00:00.000000000,51.71747,66.2693
2026-05-31T08:00:00.000000000,55.30349,68.04494
2026-05-31T09:00:00.000000000,57.00823,69.94749
2026-05-31T10:00:00.000000000,54.27023,70.74606
2026-05-31T11:00:00.000000000,39.6946,71.09113
2026-05-31T12:00:00.000000000,60.97854,71.44649
2026-05-31T13:00:00.000000000,52.51613,68.91037
2026-05-31T14:00:00.000000000,91.91332,65.96506
2026-05-31T15:00:00.000000000,148.592,63.91156
2026-05-31T16:00:00.000000000,109.13043,66.71913
2026-05-31T17:00:00.000000000,117.23701,72.92062
2026-05-31T18:00:00.000000000,138.26607,81.65233
2026-05-31T19:00:00.000000000,144.65732,89.12148
2026-05-31T20:00:00.000000000,125.8961,94.33698
2026-05-31T21:00:00.000000000,129.08985,98.55983
2026-05-31T22:00:00.000000000,135.77253,100.18887
2026-05-31T23:00:00.000000000,155.22791,100.72895
2026-06-01T00:00:00.000000000,156.36223,104.01823
2026-06-01T01:00:00.000000000,136.0582,91.75296
2026-06-01T02:00:00.000000000,119.65553,82.4169
2026-06-01T03:00:00.000000000,126.38698,73.78667
2026-06-01T04:00:00.000000000,124.60065,69.51475
2026-06-01T05:00:00.000000000,130.07812,68.12812
2026-06-01T06:00:00.000000000,143.09184,68.8544
2026-06-01T07:00:00.000000000,148.46761,68.77662
2026-06-01T08:00:00.000000000,171.85279,71.1941
2026-06-01T09:00:00.000000000,172.52357,73.79786
2026-06-01T10:00:00.000000000,161.75606,74.90811
2026-06-01T11:00:00.000000000,195.16794,74.95161
2026-06-01T12:00:00.000000000,182.31105,74.52471
2026-06-01T13:00:00.000000000,171.57816,71.27378
2026-06-01T14:00:00.000000000,149.38846,68.5569
2026-06-01T15:00:00.000000000,181.10899,67.02018
2026-06-01T16:00:00.000000000,213.94292,71.07213
2026-06-01T17:00:00.000000000,221.38716,78.32466
2026-06-01T18:00:00.000000000,220.32854,87.84596
2026-06-01T19:00:00.000000000,186.42464,95.81625
2026-06-01T20:00:00.000000000,173.6246,101.48313
2026-06-01T21:00:00.000000000,186.3094,105.82836
2026-06-01T22:00:00.000000000,164.18568,106.95614
2026-06-01T23:00:00.000000000,157.73544,106.44948
2026-06-02T00:00:00.000000000,132.04758,108.91284
2026-06-02T01:00:00.000000000,125.14399,94.84386
2026-06-02T02:00:00.000000000,110.13489,84.27562
2026-06-02T03:00:00.000000000,108.97823,74.50531
2026-06-02T04:00:00.000000000,98.28374,69.93719
2026-06-02T05:00:00.000000000,106.65676,68.6304
2026-06-02T06:00:00.000000000,111.0766,69.64415
2026-06-02T07:00:00.000000000,141.61351,69.87591
2026-06-02T08:00:00.000000000,148.98997,72.43566
2026-06-02T09:00:00.000000000,149.20981,75.63022
2026-06-02T10:00:00.000000000,150.30432,77.4307
2026-06-02T11:00:00.000000000,160.21807,77.81585
2026-06-02T12:00:00.000000000,156.03834,77.64776
2026-06-02T13:00:00.000000000,147.36555,74.27147
2026-06-02T14:00:00.000000000,147.11225,71.77143
2026-06-02T15:00:00.000000000,170.55315,70.50078
2026-06-02T16:00:00.000000000,170.79957,75.53566
2026-06-02T17:00:00.000000000,223.10174,83.90828
2026-06-02T18:00:00.000000000,198.81828,94.45707
2026-06-02T19:00:00.000000000,178.44253,103.02733
2026-06-02T20:00:00.000000000,157.33645,109.07641
2026-06-02T21:00:00.000000000,157.29776,113.42734
2026-06-02T22:00:00.000000000,144.82172,113.94613
2026-06-02T23:00:00.000000000,141.81556,112.41259
2026-06-03T00:00:00.000000000,128.49691,115.77102
2026-06-03T01:00:00.000000000,202.30442,98.98367
2026-06-03T02:00:00.000000000,139.97741,85.85021
2026-06-03T03:00:00.000000000,122.63185,73.18676
2026-06-03T04:00:00.000000000,107.87274,67.1831
2026-06-03T05:00:00.000000000,120.26409,65.78562
2026-06-03T06:00:00.000000000,136.31579,67.26858
2026-06-03T07:00:00.000000000,164.41638,67.95365
2026-06-03T08:00:00.000000000,139.15519,70.66048
2026-06-03T09:00:00.000000000,160.69915,74.88121
2026-06-03T10:00:00.000000000,168.18182,78.30743
2026-06-03T11:00:00.000000000,173.25851,80.16258
2026-06-03T12:00:00.000000000,166.84644,81.42751
2026-06-03T13:00:00.000000000,152.97808,77.90316
2026-06-03T14:00:00.000000000,143.5685,74.66016
2026-06-03T15:00:00.000000000,167.34592,72.40679
2026-06-03T16:00:00.000000000,174.36345,77.84498
2026-06-03T17:00:00.000000000,180.72362,87.75666
2026-06-03T18:00:00.000000000,221.21693,100.26509
2026-06-03T19:00:00.000000000,217.10412,110.14202
2026-06-03T20:00:00.000000000,234.63415,116.84742
2026-06-03T21:00:00.000000000,213.9233,121.59674
2026-06-03T22:00:00.000000000,222.43402,121.99676
2026-06-03T23:00:00.000000000,197.1978,119.90783
2026-05-29T00:00:00.000000000,75.5102,93.6189
2026-05-29T01:00:00.000000000,70.94495,82.82385
2026-05-29T02:00:00.000000000,60.55033,74.61546
2026-05-29T03:00:00.000000000,57.6726,66.81698
2026-05-29T04:00:00.000000000,52.51267,63.33246
2026-05-29T05:00:00.000000000,50.48829,63.00213
2026-05-29T06:00:00.000000000,61.81455,64.18726
2026-05-29T07:00:00.000000000,63.91194,63.78473
2026-05-29T08:00:00.000000000,56.85844,65.50038
2026-05-29T09:00:00.000000000,48.53659,67.16205
2026-05-29T10:00:00.000000000,52.55682,67.57864
2026-05-29T11:00:00.000000000,52.66423,67.63063
2026-05-29T12:00:00.000000000,62.81395,68.23579
2026-05-29T13:00:00.000000000,55.78541,66.02575
2026-05-29T14:00:00.000000000,52.97988,63.53426
2026-05-29T15:00:00.000000000,102.12934,61.97413
2026-05-29T16:00:00.000000000,89.67897,65.32374
2026-05-29T17:00:00.000000000,88.67769,71.77034
2026-05-29T18:00:00.000000000,100.90909,80.58121
2026-05-29T19:00:00.000000000,80.74738,87.77078
2026-05-29T20:00:00.000000000,69.69178,92.32833
2026-05-29T21:00:00.000000000,71.12875,95.6421
2026-05-29T22:00:00.000000000,76.23819,96.18924
2026-05-29T23:00:00.000000000,63.61199,95.68363
2026-05-30T00:00:00.000000000,67.10784,103.71796
2026-05-30T01:00:00.000000000,90.8885,91.82483
2026-05-30T02:00:00.000000000,65.96571,82.22007
2026-05-30T03:00:00.000000000,69.2766,72.69336
2026-05-30T04:00:00.000000000,61.28634,67.6148
2026-05-30T05:00:00.000000000,61.55752,66.01529
2026-05-30T06:00:00.000000000,46.78742,66.58376
2026-05-30T07:00:00.000000000,40.77663,66.10835
2026-05-30T08:00:00.000000000,62.09992,67.91062
2026-05-30T09:00:00.000000000,66.67739,70.19363
2026-05-30T10:00:00.000000000,58.63077,71.63897
2026-05-30T11:00:00.000000000,50.11952,72.52473
2026-05-30T12:00:00.000000000,52.19144,73.42567
2026-05-30T13:00:00.000000000,50.34014,70.79745
2026-05-30T14:00:00.000000000,71.03651,67.57111
2026-05-30T15:00:00.000000000,90.15228,65.18007
2026-05-30T16:00:00.000000000,106.03206,68.34254
2026-05-30T17:00:00.000000000,100.20833,75.41414
2026-05-30T18:00:00.000000000,106.24498,85.21555
2026-05-30T19:00:00.000000000,91.53979,93.40105
2026-05-30T20:00:00.000000000,89.52623,99.06864
2026-05-30T21:00:00.000000000,84.38596,103.56356
2026-05-30T22:00:00.000000000,79.56391,105.17406
2026-05-30T23:00:00.000000000,79.20659,105.39951
2026-05-31T00:00:00.000000000,70.92493,112.01617
2026-05-31T01:00:00.000000000,65.80846,97.61603
2026-05-31T02:00:00.000000000,58.68966,85.79719
2026-05-31T03:00:00.000000000,47.51366,73.94766
2026-05-31T04:00:00.000000000,49.7568,67.85092
2026-05-31T05:00:00.000000000,50.58909,66.2466
2026-05-31T06:00:00.000000000,52.18305,67.43249
2026-05-31T07:00:00.000000000,51.71747,67.62325
2026-05-31T08:00:00.000000000,55.30349,69.72101
2026-05-31T09:00:00.000000000,57.00823,72.73467
2026-05-31T10:00:00.000000000,54.27023,75.18268
2026-05-31T11:00:00.000000000,39.6946,76.84146
2026-05-31T12:00:00.000000000,60.97854,78.36872
2026-05-31T13:00:00.000000000,52.51613,75.42569
2026-05-31T14:00:00.000000000,91.91332,71.80566
2026-05-31T15:00:00.000000000,148.592,68.98013
2026-05-31T16:00:00.000000000,109.13043,72.93237
2026-05-31T17:00:00.000000000,117.23701,81.63292
2026-05-31T18:00:00.000000000,138.26607,93.25575
2026-05-31T19:00:00.000000000,144.65732,102.66754
2026-05-31T20:00:00.000000000,125.8961,109.01393
2026-05-31T21:00:00.000000000,129.08985,113.75886
2026-05-31T22:00:00.000000000,135.77253,114.93415
2026-05-31T23:00:00.000000000,155.22791,114.35779
2026-06-01T00:00:00.000000000,156.36223,112.66173
2026-06-01T01:00:00.000000000,136.0582,96.99698
2026-06-01T02:00:00.000000000,119.65553,85.07882
2026-06-01T03:00:00.000000000,126.38698,73.95765
2026-06-01T04:00:00.000000000,124.60065,68.7464
2026-06-01T05:00:00.000000000,130.07812,67.36845
2026-06-01T06:00:00.000000000,143.09184,68.65101
2026-06-01T07:00:00.000000000,148.46761,69.24361
2026-06-01T08:00:00.000000000,171.85279,72.11699
2026-06-01T09:00:00.000000000,172.52357,75.99509
2026-06-01T10:00:00.000000000,161.75606,78.58635
2026-06-01T11:00:00.000000000,195.16794,79.52495
2026-06-01T12:00:00.000000000,182.31105,79.70991
2026-06-01T13:00:00.000000000,171.57816,76.02027
2026-06-01T14:00:00.000000000,149.38846,73.18385
2026-06-01T15:00:00.000000000,181.10899,71.55888
2026-06-01T16:00:00.000000000,213.94292,77.03505
2026-06-01T17:00:00.000000000,221.38716,86.28063
2026-06-01T18:00:00.000000000,220.32854,97.83832
2026-06-01T19:00:00.000000000,186.42464,107.10163
2026-06-01T20:00:00.000000000,173.6246,113.56458
2026-06-01T21:00:00.000000000,186.3094,118.17668
2026-06-01T22:00:00.000000000,164.18568,118.5868
2026-06-01T23:00:00.000000000,157.73544,116.624
2026-06-02T00:00:00.000000000,132.04758,115.16765
2026-06-02T01:00:00.000000000,125.14399,98.31383
2026-06-02T02:00:00.000000000,110.13489,85.71623
2026-06-02T03:00:00.000000000,108.97823,74.06673
2026-06-02T04:00:00.000000000,98.28374,68.88931
2026-06-02T05:00:00.000000000,106.65676,67.65629
2026-06-02T06:00:00.000000000,111.0766,69.16166
2026-06-02T07:00:00.000000000,141.61351,70.05665
2026-06-02T08:00:00.000000000,148.98997,73.16084
2026-06-02T09:00:00.000000000,149.20981,77.5632
2026-06-02T10:00:00.000000000,150.30432,80.62922
2026-06-02T11:00:00.000000000,160.21807,81.71222
2026-06-02T12:00:00.000000000,156.03834,81.90712
2026-06-02T13:00:00.000000000,147.36555,78.09526
2026-06-02T14:00:00.000000000,147.11225,75.56393
2026-06-02T15:00:00.000000000,170.55315,74.30126
2026-06-02T16:00:00.000000000,170.79957,80.53781
2026-06-02T17:00:00.000000000,223.10174,90.46191
2026-06-02T18:00:00.000000000,198.81828,102.52459
2026-06-02T19:00:00.000000000,178.44253,112.05412
2026-06-02T20:00:00.000000000,157.33645,118.67581
2026-06-02T21:00:00.000000000,157.29776,123.16706
2026-06-02T22:00:00.000000000,144.82172,122.972
2026-06-02T23:00:00.000000000,141.81556,120.12301
2026-06-03T00:00:00.000000000,128.49691,120.00693
2026-06-03T01:00:00.000000000,202.30442,100.99559
2026-06-03T02:00:00.000000000,139.97741,86.32146
2026-06-03T03:00:00.000000000,122.63185,72.31073
2026-06-03T04:00:00.000000000,107.87274,65.98598
2026-06-03T05:00:00.000000000,120.26409,64.71985
2026-06-03T06:00:00.000000000,136.31579,66.62361
2026-06-03T07:00:00.000000000,164.41638,67.93568
2026-06-03T08:00:00.000000000,139.15519,71.22163
2026-06-03T09:00:00.000000000,160.69915,76.56632
2026-06-03T10:00:00.000000000,168.18182,81.07866
2026-06-03T11:00:00.000000000,173.25851,83.50016
2026-06-03T12:00:00.000000000,166.84644,84.95158
2026-06-03T13:00:00.000000000,152.97808,81.00094
2026-06-03T14:00:00.000000000,143.5685,77.7802
2026-06-03T15:00:00.000000000,167.34592,75.58225
2026-06-03T16:00:00.000000000,174.36345,81.99764
2026-06-03T17:00:00.000000000,180.72362,93.06296
2026-06-03T18:00:00.000000000,221.21693,106.60796
2026-06-03T19:00:00.000000000,217.10412,117.1253
2026-06-03T20:00:00.000000000,234.63415,124.16592
2026-06-03T21:00:00.000000000,213.9233,128.9395
2026-06-03T22:00:00.000000000,222.43402,128.67519
2026-06-03T23:00:00.000000000,197.1978,125.46143
2026-06-04T00:00:00.000000000,196.73557,123.07096
2026-06-04T01:00:00.000000000,149.57039,102.71332
2026-06-04T02:00:00.000000000,128.35742,86.98236
2026-06-04T03:00:00.000000000,139.91464,71.97576
2026-06-04T04:00:00.000000000,152.74446,65.30478
2026-06-04T05:00:00.000000000,137.16288,64.05356
2026-06-04T06:00:00.000000000,140.90909,66.15713
2026-06-04T07:00:00.000000000,161.40193,67.79242
2026-06-04T08:00:00.000000000,176.82055,71.38669
2026-06-04T09:00:00.000000000,169.26081,77.44986
2026-06-04T10:00:00.000000000,165.76867,82.75965
2026-06-04T11:00:00.000000000,177.90133,85.71477
2026-06-04T12:00:00.000000000,172.25726,87.45069
2026-06-04T13:00:00.000000000,151.9292,83.23017
2026-06-04T14:00:00.000000000,138.71373,79.86222
2026-06-04T15:00:00.000000000,182.39895,77.47055
2026-06-04T16:00:00.000000000,182.44387,84.30576
2026-06-04T17:00:00.000000000,223.70441,96.03841
2026-06-04T18:00:00.000000000,221.29948,110.24793
2026-06-04T19:00:00.000000000,222.79928,121.17304
2026-06-04T20:00:00.000000000,222.06961,128.42944
2026-06-04T21:00:00.000000000,204.49871,133.3053
2026-06-04T22:00:00.000000000,187.474,132.82052
2026-06-04T23:00:00.000000000,171.18202,129.12772
2026-05-30T00:00:00.000000000,67.10784,79.08245
2026-05-30T01:00:00.000000000,90.8885,70.4185
2026-05-30T02:00:00.000000000,65.96571,65.87155
2026-05-30T03:00:00.000000000,69.2766,62.53472
2026-05-30T04:00:00.000000000,61.28634,62.69699
2026-05-30T05:00:00.000000000,61.55752,63.68665
2026-05-30T06:00:00.000000000,46.78742,65.16771
2026-05-30T07:00:00.000000000,40.77663,65.35817
2026-05-30T08:00:00.000000000,62.09992,67.41828
2026-05-30T09:00:00.000000000,66.67739,68.17747
2026-05-30T10:00:00.000000000,58.63077,66.32979
2026-05-30T11:00:00.000000000,50.11952,63.80353
2026-05-30T12:00:00.000000000,52.19144,62.18941
2026-05-30T13:00:00.000000000,50.34014,60.86149
2026-05-30T14:00:00.000000000,71.03651,61.60632
2026-05-30T15:00:00.000000000,90.15228,63.96989
2026-05-30T16:00:00.000000000,106.03206,69.4146
2026-05-30T17:00:00.000000000,100.20833,75.05603
2026-05-30T18:00:00.000000000,106.24498,81.40697
2026-05-30T19:00:00.000000000,91.53979,86.7048
2026-05-30T20:00:00.000000000,89.52623,89.54756
2026-05-30T21:00:00.000000000,84.38596,90.24505
2026-05-30T22:00:00.000000000,79.56391,87.32598
2026-05-30T23:00:00.000000000,79.20659,83.93125
2026-05-31T00:00:00.000000000,70.92493,100.93713
2026-05-31T01:00:00.000000000,65.80846,89.04782
2026-05-31T02:00:00.000000000,58.68966,79.84142
2026-05-31T03:00:00.000000000,47.51366,70.77804
2026-05-31T04:00:00.000000000,49.7568,66.2807
2026-05-31T05:00:00.000000000,50.58909,65.09474
2026-05-31T06:00:00.000000000,52.18305,65.94824
2026-05-31T07:00:00.000000000,51.71747,65.69914
2026-05-31T08:00:00.000000000,55.30349,67.53781
2026-05-31T09:00:00.000000000,57.00823,69.71269
2026-05-31T10:00:00.000000000,54.27023,70.84789
2026-05-31T11:00:00.000000000,39.6946,71.36666
2026-05-31T12:00:00.000000000,60.97854,72.07946
2026-05-31T13:00:00.000000000,52.51613,69.66548
2026-05-31T14:00:00.000000000,91.91332,66.97065
2026-05-31T15:00:00.000000000,148.592,65.23266
2026-05-31T16:00:00.000000000,109.13043,68.8818
2026-05-31T17:00:00.000000000,117.23701,76.05571
2026-05-31T18:00:00.000000000,138.26607,85.71642
2026-05-31T19:00:00.000000000,144.65732,93.77202
2026-05-31T20:00:00.000000000,125.8961,99.16346
2026-05-31T21:00:00.000000000,129.08985,103.12953
2026-05-31T22:00:00.000000000,135.77253,103.92224
2026-05-31T23:00:00.000000000,155.22791,103.38686
2026-06-01T00:00:00.000000000,156.36223,106.41166
2026-06-01T01:00:00.000000000,136.0582,93.11267
2026-06-01T02:00:00.000000000,119.65553,83.01641
2026-06-01T03:00:00.000000000,126.38698,73.62517
2026-06-01T04:00:00.000000000,124.60065,69.08166
2026-06-01T05:00:00.000000000,130.07812,67.72994
2026-06-01T06:00:00.000000000,143.09184,68.65612
2026-06-01T07:00:00.000000000,148.46761,68.78206
2026-06-01T08:00:00.000000000,171.85279,71.29342
2026-06-01T09:00:00.000000000,172.52357,74.22548
2026-06-01T10:00:00.000000000,161.75606,75.73823
2026-06-01T11:00:00.000000000,195.16794,76.03047
2026-06-01T12:00:00.000000000,182.31105,75.83315
2026-06-01T13:00:00.000000000,171.57816,72.52355
2026-06-01T14:00:00.000000000,149.38846,69.82785
2026-06-01T15:00:00.000000000,181.10899,68.32628
2026-06-01T16:00:00.000000000,213.94292,72.85665
2026-06-01T17:00:00.000000000,221.38716,80.75072
2026-06-01T18:00:00.000000000,220.32854,90.92357
2026-06-01T19:00:00.000000000,186.42464,99.30642
2026-06-01T20:00:00.000000000,173.6246,105.19925
2026-06-01T21:00:00.000000000,186.3094,109.56964
2026-06-01T22:00:00.000000000,164.18568,110.39296
2026-06-01T23:00:00.000000000,157.73544,109.36662
2026-06-02T00:00:00.000000000,132.04758,110.85736
2026-06-02T01:00:00.000000000,125.14399,95.94481
2026-06-02T02:00:00.000000000,110.13489,84.75645
2026-06-02T03:00:00.000000000,108.97823,74.39933
2026-06-02T04:00:00.000000000,98.28374,69.63169
2026-06-02T05:00:00.000000000,106.65676,68.34675
2026-06-02T06:00:00.000000000,111.0766,69.51344
2026-06-02T07:00:00.000000000,141.61351,69.93646
2026-06-02T08:00:00.000000000,148.98997,72.63729
2026-06-02T09:00:00.000000000,149.20981,76.16909
2026-06-02T10:00:00.000000000,150.30432,78.33633
2026-06-02T11:00:00.000000000,160.21807,78.92914
2026-06-02T12:00:00.000000000,156.03834,78.89014
2026-06-02T13:00:00.000000000,147.36555,75.4021
2026-06-02T14:00:00.000000000,147.11225,72.89512
2026-06-02T15:00:00.000000000,170.55315,71.62968
2026-06-02T16:00:00.000000000,170.79957,77.03254
2026-06-02T17:00:00.000000000,223.10174,85.89074
2026-06-02T18:00:00.000000000,198.81828,96.92205
2026-06-02T19:00:00.000000000,178.44253,105.7992
2026-06-02T20:00:00.000000000,157.33645,112.02957
2026-06-02T21:00:00.000000000,157.29776,116.42191
2026-06-02T22:00:00.000000000,144.82172,116.72197
2026-06-02T23:00:00.000000000,141.81556,114.78779
2026-06-03T00:00:00.000000000,128.49691,117.12082
2026-06-03T01:00:00.000000000,202.30442,99.64837
2026-06-03T02:00:00.000000000,139.97741,86.03387
2026-06-03T03:00:00.000000000,122.63185,72.94377
2026-06-03T04:00:00.000000000,107.87274,66.83233
2026-06-03T05:00:00.000000000,120.26409,65.47657
2026-06-03T06:00:00.000000000,136.31579,67.093
2026-06-03T07:00:00.000000000,164.41638,67.96677
2026-06-03T08:00:00.000000000,139.15519,70.83916
2026-06-03T09:00:00.000000000,160.69915,75.38941
2026-06-03T10:00:00.000000000,168.18182,79.14041
2026-06-03T11:00:00.000000000,173.25851,81.16837
2026-06-03T12:00:00.000000000,166.84644,82.50038
2026-06-03T13:00:00.000000000,152.97808,78.85156
2026-06-03T14:00:00.000000000,143.5685,75.61049
2026-06-03T15:00:00.000000000,167.34592,73.36966
2026-06-03T16:00:00.000000000,174.36345,79.10805
2026-06-03T17:00:00.000000000,180.72362,89.3843
2026-06-03T18:00:00.000000000,221.21693,102.22734
2026-06-03T19:00:00.000000000,217.10412,112.31148
2026-06-03T20:00:00.000000000,234.63415,119.12509
2026-06-03T21:00:00.000000000,213.9233,123.88328
2026-06-03T22:00:00.000000000,222.43402,124.0821
2026-06-03T23:00:00.000000000,197.1978,121.65061
2026-06-04T00:00:00.000000000,196.73557,121.12195
2026-06-04T01:00:00.000000000,149.57039,101.91586
2026-06-04T02:00:00.000000000,128.35742,86.94464
2026-06-04T03:00:00.000000000,139.91464,72.57557
2026-06-04T04:00:00.000000000,152.74446,66.02073
2026-06-04T05:00:00.000000000,137.16288,64.69874
2026-06-04T06:00:00.000000000,140.90909,66.5952
2026-06-04T07:00:00.000000000,161.40193,67.88349
2026-06-04T08:00:00.000000000,176.82055,71.12505
2026-06-04T09:00:00.000000000,169.26081,76.53968
2026-06-04T10:00:00.000000000,165.76867,81.25311
2026-06-04T11:00:00.000000000,177.90133,83.91522
2026-06-04T12:00:00.000000000,172.25726,85.59775
2026-06-04T13:00:00.000000000,151.9292,81.61808
2026-06-04T14:00:00.000000000,138.71373,78.20201
2026-06-04T15:00:00.000000000,182.39895,75.74456
2026-06-04T16:00:00.000000000,182.44387,82.05752
2026-06-04T17:00:00.000000000,223.70441,93.22831
2026-06-04T18:00:00.000000000,221.29948,106.96899
2026-06-04T19:00:00.000000000,222.79928,117.60757
2026-06-04T20:00:00.000000000,222.06961,124.71976
2026-06-04T21:00:00.000000000,204.49871,129.60313
2026-06-04T22:00:00.000000000,187.474,129.49757
2026-06-04T23:00:00.000000000,171.18202,126.42287
2026-06-05T00:00:00.000000000,146.27379,122.377
2026-06-05T01:00:00.000000000,131.06583,102.71757
2026-06-05T02:00:00.000000000,115.72887,87.31341
2026-06-05T03:00:00.000000000,131.4876,72.50864
2026-06-05T04:00:00.000000000,129.61122,65.7378
2026-06-05T05:00:00.000000000,124.86117,64.38422
2026-06-05T06:00:00.000000000,131.24892,66.33497
2026-06-05T07:00:00.000000000,152.53061,67.70782
2026-06-05T08:00:00.000000000,157.41671,71.03342
2026-06-05T09:00:00.000000000,153.98844,76.67429
2026-06-05T10:00:00.000000000,145.26282,81.68184
2026-06-05T11:00:00.000000000,164.61976,84.58919
2026-06-05T12:00:00.000000000,178.49246,86.43046
2026-06-05T13:00:00.000000000,163.82237,82.33208
2026-06-05T14:00:00.000000000,150.38542,78.74603
2026-06-05T15:00:00.000000000,164.86296,76.08598
2026-06-05T16:00:00.000000000,173.86239,82.4544
2026-06-05T17:00:00.000000000,185.91736,93.85183
2026-06-05T18:00:00.000000000,176.73344,107.86991
2026-06-05T19:00:00.000000000,180.5287,118.68397
2026-06-05T20:00:00.000000000,169.49574,125.89369
2026-06-05T21:00:00.000000000,176.73732,130.87583
2026-06-05T22:00:00.000000000,171.90851,130.81929
2026-06-05T23:00:00.000000000,172.73481,127.71642
2026-05-31T00:00:00.000000000,70.92493,90.22574
2026-05-31T01:00:00.000000000,65.80846,77.52523
2026-05-31T02:00:00.000000000,58.68966,70.0318
2026-05-31T03:00:00.000000000,47.51366,63.97463
2026-05-31T04:00:00.000000000,49.7568,62.89973
2026-05-31T05:00:00.000000000,50.58909,63.6767
2026-05-31T06:00:00.000000000,52.18305,65.89467
2026-05-31T07:00:00.000000000,51.71747,67.02593
2026-05-31T08:00:00.000000000,55.30349,69.89616
2026-05-31T09:00:00.000000000,57.00823,72.02079
2026-05-31T10:00:00.000000000,54.27023,71.50369
2026-05-31T11:00:00.000000000,39.6946,69.36374
2026-05-31T12:00:00.000000000,60.97854,67.75782
2026-05-31T13:00:00.000000000,52.51613,65.72018
2026-05-31T14:00:00.000000000,91.91332,66.50916
2026-05-31T15:00:00.000000000,148.592,69.1459
2026-05-31T16:00:00.000000000,109.13043,76.45433
2026-05-31T17:00:00.000000000,117.23701,84.52559
2026-05-31T18:00:00.000000000,138.26607,93.40923
2026-05-31T19:00:00.000000000,144.65732,100.49935
2026-05-31T20:00:00.000000000,125.8961,104.75574
2026-05-31T21:00:00.000000000,129.08985,106.0471
2026-05-31T22:00:00.000000000,135.77253,102.40251
2026-05-31T23:00:00.000000000,155.22791,97.13862
2026-06-01T00:00:00.000000000,156.36223,104.97307
2026-06-01T01:00:00.000000000,136.0582,90.76471
2026-06-01T02:00:00.000000000,119.65553,80.48691
2026-06-01T03:00:00.000000000,126.38698,71.04605
2026-06-01T04:00:00.000000000,124.60065,66.96622
2026-06-01T05:00:00.000000000,130.07812,66.09757
2026-06-01T06:00:00.000000000,143.09184,67.51754
2026-06-01T07:00:00.000000000,148.46761,68.126
2026-06-01T08:00:00.000000000,171.85279,70.88017
2026-06-01T09:00:00.000000000,172.52357,74.06451
2026-06-01T10:00:00.000000000,161.75606,75.59754
2026-06-01T11:00:00.000000000,195.16794,75.65846
2026-06-01T12:00:00.000000000,182.31105,75.36582
2026-06-01T13:00:00.000000000,171.57816,72.23161
2026-06-01T14:00:00.000000000,149.38846,70.23837
2026-06-01T15:00:00.000000000,181.10899,69.58925
2026-06-01T16:00:00.000000000,213.94292,75.12381
2026-06-01T17:00:00.000000000,221.38716,83.64733
2026-06-01T18:00:00.000000000,220.32854,94.14974
2026-06-01T19:00:00.000000000,186.42464,102.68475
2026-06-01T20:00:00.000000000,173.6246,108.43682
2026-06-01T21:00:00.000000000,186.3094,112.19579
2026-06-01T22:00:00.000000000,164.18568,111.77181
2026-06-01T23:00:00.000000000,157.73544,109.35071
2026-06-02T00:00:00.000000000,132.04758,111.5629
2026-06-02T01:00:00.000000000,125.14399,96.0055
2026-06-02T02:00:00.000000000,110.13489,84.4326
2026-06-02T03:00:00.000000000,108.97823,73.73057
2026-06-02T04:00:00.000000000,98.28374,68.93567
2026-06-02T05:00:00.000000000,106.65676,67.75601
2026-06-02T06:00:00.000000000,111.0766,69.10505
2026-06-02T07:00:00.000000000,141.61351,69.73705
2026-06-02T08:00:00.000000000,148.98997,72.57724
2026-06-02T09:00:00.000000000,149.20981,76.36778
2026-06-02T10:00:00.000000000,150.30432,78.76577
2026-06-02T11:00:00.000000000,160.21807,79.44923
2026-06-02T12:00:00.000000000,156.03834,79.4755
2026-06-02T13:00:00.000000000,147.36555,75.95659
2026-06-02T14:00:00.000000000,147.11225,73.56961
2026-06-02T15:00:00.000000000,170.55315,72.454
2026-06-02T16:00:00.000000000,170.79957,78.23468
2026-06-02T17:00:00.000000000,223.10174,87.47104
2026-06-02T18:00:00.000000000,198.81828,98.82488
2026-06-02T19:00:00.000000000,178.44253,107.89956
2026-06-02T20:00:00.000000000,157.33645,114.19814
2026-06-02T21:00:00.000000000,157.29776,118.49627
2026-06-02T22:00:00.000000000,144.82172,118.43701
2026-06-02T23:00:00.000000000,141.81556,116.01726
2026-06-03T00:00:00.000000000,128.49691,117.92367
2026-06-03T01:00:00.000000000,202.30442,99.96927
2026-06-03T02:00:00.000000000,139.97741,86.03277
2026-06-03T03:00:00.000000000,122.63185,72.66098
2026-06-03T04:00:00.000000000,107.87274,66.49423
2026-06-03T05:00:00.000000000,120.26409,65.1798
2026-06-03T06:00:00.000000000,136.31579,66.89877
2026-06-03T07:00:00.000000000,164.41638,67.91721
2026-06-03T08:00:00.000000000,139.15519,70.9161
2026-06-03T09:00:00.000000000,160.69915,75.70635
2026-06-03T10:00:00.000000000,168.18182,79.6843
2026-06-03T11:00:00.000000000,173.25851,81.826
2026-06-03T12:00:00.000000000,166.84644,83.19882
2026-06-03T13:00:00.000000000,152.97808,79.47018
2026-06-03T14:00:00.000000000,143.5685,76.25154
2026-06-03T15:00:00.000000000,167.34592,74.04294
2026-06-03T16:00:00.000000000,174.36345,80.00518
2026-06-03T17:00:00.000000000,180.72362,90.53402
2026-06-03T18:00:00.000000000,221.21693,103.59889
2026-06-03T19:00:00.000000000,217.10412,113.82028
2026-06-03T20:00:00.000000000,234.63415,120.69761
2026-06-03T21:00:00.000000000,213.9233,125.44279
2026-06-03T22:00:00.000000000,222.43402,125.46921
2026-06-03T23:00:00.000000000,197.1978,122.76784
2026-06-04T00:00:00.000000000,196.73557,121.71945
2026-06-04T01:00:00.000000000,149.57039,102.15632
2026-06-04T02:00:00.000000000,128.35742,86.94942
2026-06-04T03:00:00.000000000,139.91464,72.3812
2026-06-04T04:00:00.000000000,152.74446,65.79045
2026-06-04T05:00:00.000000000,137.16288,64.49308
2026-06-04T06:00:00.000000000,140.90909,66.45678
2026-06-04T07:00:00.000000000,161.40193,67.85327
2026-06-04T08:00:00.000000000,176.82055,71.20139
2026-06-04T09:00:00.000000000,169.26081,76.81269
2026-06-04T10:00:00.000000000,165.76867,81.70758
2026-06-04T11:00:00.000000000,177.90133,84.45913
2026-06-04T12:00:00.000000000,172.25726,86.16073
2026-06-04T13:00:00.000000000,151.9292,82.10948
2026-06-04T14:00:00.000000000,138.71373,78.70897
2026-06-04T15:00:00.000000000,182.39895,76.27299
2026-06-04T16:00:00.000000000,182.44387,82.74887
2026-06-04T17:00:00.000000000,223.70441,94.09637
2026-06-04T18:00:00.000000000,221.29948,107.98565
2026-06-04T19:00:00.000000000,222.79928,118.71517
2026-06-04T20:00:00.000000000,222.06961,125.87167
2026-06-04T21:00:00.000000000,204.49871,130.75029
2026-06-04T22:00:00.000000000,187.474,130.52408
2026-06-04T23:00:00.000000000,171.18202,127.25535
2026-06-05T00:00:00.000000000,146.27379,122.80442
2026-06-05T01:00:00.000000000,131.06583,102.88324
2026-06-05T02:00:00.000000000,115.72887,87.30934
2026-06-05T03:00:00.000000000,131.4876,72.36339
2026-06-05T04:00:00.000000000,129.61122,65.57053
2026-06-05T05:00:00.000000000,124.86117,64.23571
2026-06-05T06:00:00.000000000,131.24892,66.2352
2026-06-05T07:00:00.000000000,152.53061,67.68838
2026-06-05T08:00:00.000000000,157.41671,71.09448
2026-06-05T09:00:00.000000000,153.98844,76.88256
2026-06-05T10:00:00.000000000,145.26282,82.02397
2026-06-05T11:00:00.000000000,164.61976,84.99596
2026-06-05T12:00:00.000000000,178.49246,86.84768
2026-06-05T13:00:00.000000000,163.82237,82.69548
2026-06-05T14:00:00.000000000,150.38542,79.12363
2026-06-05T15:00:00.000000000,164.86296,76.48261
2026-06-05T16:00:00.000000000,173.86239,82.97288
2026-06-05T17:00:00.000000000,185.91736,94.49841
2026-06-05T18:00:00.000000000,176.73344,108.62129
2026-06-05T19:00:00.000000000,180.5287,119.49891
2026-06-05T20:00:00.000000000,169.49574,126.73891
2026-06-05T21:00:00.000000000,176.73732,131.71584
2026-06-05T22:00:00.000000000,171.90851,131.56812
2026-06-05T23:00:00.000000000,172.73481,128.32039
2026-06-06T00:00:00.000000000,152.42808,125.67963
2026-06-06T01:00:00.000000000,129.31168,104.51698
2026-06-06T02:00:00.000000000,116.10097,87.83306
2026-06-06T03:00:00.000000000,122.96366,71.77183
2026-06-06T04:00:00.000000000,126.60554,64.49541
2026-06-06T05:00:00.000000000,128.83412,63.1472
2026-06-06T06:00:00.000000000,141.7659,65.33752
2026-06-06T07:00:00.000000000,163.64027,67.06348
2026-06-06T08:00:00.000000000,160.03067,70.71098
2026-06-06T09:00:00.000000000,145.9633,77.13741
2026-06-06T10:00:00.000000000,126.8239,83.08387
2026-06-06T11:00:00.000000000,136.26062,86.71084
2026-06-06T12:00:00.000000000,166.26737,89.00789
2026-06-06T13:00:00.000000000,170.99217,84.59815
2026-06-06T14:00:00.000000000,162.66515,80.68291
2026-06-06T15:00:00.000000000,172.96386,77.60979
2026-06-06T16:00:00.000000000,179.88479,84.31761
2026-06-06T17:00:00.000000000,169.88562,96.4576
2026-06-06T18:00:00.000000000,155.37244,111.27997
2026-06-06T19:00:00.000000000,130.53454,122.58692
2026-06-06T20:00:00.000000000,139.62816,130.01757
2026-06-06T21:00:00.000000000,136.72609,135.14867
2026-06-06T22:00:00.000000000,142.57683,134.96963
2026-06-06T23:00:00.000000000,148.0564,131.49302
